Name,URL,Tags,Rating,Affordances,Notes,Manifest,Access,Pedagogy,Human-Facing LMS Description,Geospatial Data (Lat/Long),Academic Tech / Library Link,
Amherst College,https://acdc.amherst.edu/view/asc,"Amherst,Wordsworth,Edward Hitchcock,Orra White Hitchcock,Emily Dickinson,Henry J. Van Lennep,Jeffery Amherst,John D. Coles,Justin Perkins,Karl Loewenstein,Katrin Janecke Gibney,John F. Kennedy,manuscripts,Nelson Family Juvenilia,Nobi Earthquake,Great Kanto Earthquake,Sidney Brooks,U.S. Army Ambulance Service,Walt Whitman",4,IIIF,,https://acdc.amherst.edu//do/62342c85-fb4e-409c-8905-ad941fc90531/metadata/iiifmanifest3cws/default.jsonld,Open Access,"A gold mine for literary scholarship. Students can analyze the Emily Dickinson Collection to study her original manuscripts, focusing on her unique punctuation and the physical ""scraps"" of her poetic process.",,"-72.5170028, 42.3709104",https://www.aws.amherst.edu/offices/it/academic-technology-services,
Baylor University,https://digitalcollections-baylor.quartexcollections.com/,"Victorian Literature, Women Poets, Robert Browning, Elizabeth Barrett Browning, Florence Nightingale, Sheet Music, Hymnals, Baptist History, Church-State Studies, Sermons, Preaching, Texas Baptist History, Texas Politics, Congressional Records, JFK Assassination, Iraq War, Political Campaigns, Baylor University History, Student Life, Collegiate Athletics, University Publications, Black Gospel Music, Black Church History, African American Archives, Waco Local History, Civil War, Texas Newspapers, Historical Maps, Military History, Photography Archives, Religious Liberty, Keston Institute, Independence Texas",4,IIIF,Note: Icon goes to wrong place,https://iiif.quartexcollections.com/digitalcollections-baylor/iiif/7c12a210-e8ff-40ec-9e57-2c8eb31885dc/manifest,Open Access,"Invaluable for ethnomusicology and Southern history. The ""Black Gospel Music Restoration Project"" provides students with rare audio and visual materials to trace the development and influence of 20th-century gospel music.",,"-97.11354, 31.5500848",https://library.web.baylor.edu/learningtechnologies,
Bibliothèque Nationale de France,https://gallica.bnf.fr/accueil/fr/html/accueil-fr,"literature, history, science, philosophy, law, economics, politics, art, music, geography, cartography, medicine, religion, and sociology",4,IIIF,,https://gallica.bnf.fr/iiif/ark:/12148/btv1b113340236/manifest.json,Open Access,"Essential for French language and history. Its vast digital library, Gallica, allows students to explore the evolution of French thought from medieval manuscripts to the satirical newspapers of the 19th century.",,"2.3389067, 48.8672227",,
Biblissima,https://iiif.biblissima.fr/collections/,"Medieval, Renaissance, Manuscripts, Europe, Interoperability",4,IIIF,Note: an assembly of many repositories. All IIIF links use ?iiif-content=,https://cdm21059.contentdm.oclc.org/iiif/2/cataloghi:5045/manifest.json,Open Access,Perfect for teaching paleography and manuscript studies. Its IIIF integration allows students to compare fragmented texts side-by-side to reconstruct historical codices.,,"2.3862252, 48.8201942",,
Black Hills State University,https://explore.digitalsd.org/digital/custom/bhsu,"Dakota, Frontier, Education, Indigenous, Regional",4,IIIF,,https://explore.digitalsd.org/iiif/2/Lakota:15/manifest.json,Open Access,Great for regional history projects. Students can analyze the evolution of the American West through local photographs and records of the Black Hills region.,,"-103.8722763, 44.4993591",,
Bodleian Library,https://digital.bodleian.ox.ac.uk/,"Global, Rare, Literature, Antiquity, Scholarly",4,IIIF,Note: bw logo somewhat obscured,iiif.bodleian.ox.ac.uk/iiif/manifest/f7cde601-f439-4cc5-9d30-0a1cc2729a44.json,Open Access,Ideal for primary source analysis across centuries. Use it to show the transition from papyrus to print or to study rare literary first editions.,,"-1.254042, 51.754073",,
"California, University of (Berkeley)",https://www.lib.berkeley.edu/find/digital-collections,"Activism, Anthropology, Pacific, California, Diverse",4,IIIF,,digicoll.lib.berkeley.edu/nanna/proxy/iiif/manifest/313074/,Open Access,Excellent for courses on social movements. The Free Speech Movement and Black Panther archives provide raw material for studying 20th-century political rhetoric.,,"-122.2594606, 37.870151",,
"California, University of (Los Angeles)",https://digital.library.ucla.edu/,"Media, Los Angeles, Ethnomusicology, International, Archive",4,IIIF,Comment: Excellent,https://iiif.library.ucla.edu/ark%3A%2F21198%2Fzz0002hmt0/manifest,Open Access,Strong for cultural studies and musicology. Students can explore global sound recordings or the urban development of Southern California.,,"-118.4438495, 34.0699182",,
"California, University of (Santa Cruz)",https://digitalcollections.library.ucsc.edu/,"Photography, Grateful-Dead, Counterculture, Environment, Local",4,IIIF,Note: logo goes to iiif.io,https://iiif.quartexcollections.com/ucsc/iiif/ca470b7e-5bbc-4bdd-9be0-49a932b6cc9f/manifest,Open Access,Best for cultural history and archival theory. The Grateful Dead Archive serves as a unique case study for fan culture and community-driven documentation.,,"-122.0584354, 36.9905322",https://tlc.ucsc.edu/about/who-we-are/,
Cambridge University,https://cudl.lib.cam.ac.uk/,"Science, Religion, Newton, Darwin, Islamic",4,IIIF,Comment: Excellent,https://cudl.lib.cam.ac.uk//iiif/MS-ADD-00863-00002,Open Access,"The ""gold standard"" for the history of science. Students can trace the thought processes of Newton or Darwin by examining their original, annotated notebooks.",,"0.1077233, 52.2051088",,
Center For Research Libraries,https://digitalcollections.crl.edu/,"Newspapers, International, Law, Dissertations, Global",4,IIIF,,https://digitalcollections.crl.edu/nanna/proxy/iiif/manifest/35969/,Open Access,Essential for comparative politics and journalism history. The vast collection of international newspapers allows students to see how global events were reported in real-time.,,"-87.5935751, 41.784498",,
Colorado College,https://digitalcc.coloradocollege.edu/,"Rockies, Geology, Botany, Southwest, Thesis",4,IIIF,Note: same as crl above,https://digitalcc.coloradocollege.edu/nanna/proxy/iiif/manifest/5698/,Open Access,Useful for environmental studies and undergraduate research. It highlights the intersection of natural history and local western heritage through student-led scholarship.,,"-104.82542, 38.84919",,
Digital Library of South Dakota,https://explore.digitalsd.org/digital/custom/dsu,"Dakota, Rural, Education, History, Local",4,IIIF,,https://explore.digitalsd.org/iiif/2/mundt:647/manifest.json,Open Access,Excellent for microhistory assignments. Students can use the Smith-Zimmermann collection to study the specific social fabric of early Plains settlements and rural Midwestern life.,,"-97.1103618, 44.0126125",,
Duke University,https://repository.duke.edu/dc,"Advertising, Medicine, Civil-Rights, Music, Americana",4,IIIF,Comment: Very good,https://repository.duke.edu/iiif/81170c76-b454-46dd-a6b0-681b928ed6c3/manifest,Open Access,"A premier resource for media studies and marketing history. The ""Ad*Access"" collection allows students to analyze how consumer culture and gender roles evolved through 20th-century print ads.",,"-78.9382286, 36.0014258",https://learninginnovation.duke.edu/,
Durham University,https://discover.durham.ac.uk/discovery/search?vid=44DUR_INST:VU1,"British, Theology, Archaeology, Northeast-England, Medieval",4,IIIF,"Note: says you can drag icon, but drag doesn't work",https://iiif.durham.ac.uk/manifests/trifle/32150/t1/mj/96/t1mj96021434/manifest,Open Access,"Highly effective for religious studies and clerical history. Students can examine the ""Durham Priory Library"" to understand how monastic communities curated and preserved knowledge in the Middle Ages.",,"-1.5782029, 54.7649859",,
"Edinburgh, University of",https://collections.ed.ac.uk/,"Scottish, Medicine, Enlightenment, Art, Architecture",4,IIIF,Comment: CORS issues,https://images.is.ed.ac.uk/luna/servlet/iiif/m/UoEart~1~1~5132~100011/manifest,Open Access,"Ideal for the history of medicine. With access to anatomical drawings and early medical theses, students can trace the development of surgical practices and scientific inquiry during the Enlightenment.",,,,
Fordham University,https://www.library.fordham.edu/digital/,"Catholic, New-York, Medieval, Jesuit, Urban",4,IIIF,Note: logo displayed but not functional - hard to find,https://cdm17265.contentdm.oclc.org/iiif/2/DUTCHMAPS:20/manifest.json,Open Access,"Strong for urban sociology and theological history. Students can explore the ""Fordham Industrial Schools"" records or Bronx-specific history to study the intersection of faith-based institutions and urban development.",,,https://www.fordham.edu/information-technology/it-services/academic-technology/,
Georgia State University,https://digitalcollections.library.gsu.edu,"Labor, Civil-Rights, Atlanta, Nursing, Radio",4,IIIF,,https://cdm16905.contentdm.oclc.org/iiif/2/eastern:88535/manifest.json,Open Access,"Vital for labor history. The ""Southern Labor Archives"" provide students with primary evidence of union organizing and workforce dynamics in the American South.",,"-84.3852819, 33.753068",https://cetloe.gsu.edu/teaching-technology/,
"Georgia, Digital LIbrary Of",https://dlg.usg.edu/collections,"Southeastern, Slavery, Newspapers, Legislative, Cartography",4,IIIF,Note: icon links to Mirador,,Open Access,A powerhouse for Southern history. Students can use digitized historical newspapers and maps to conduct deep-dives into the legislative and social impacts of the Reconstruction era.,,,,
"Göttingen, University of",https://www.sub.uni-goettingen.de/en/digital-library/digital-resources/,"German, Enlightenment, Scientific, Botany, Global",4,IIIF,Note: bw icon,https://manifests.sub.uni-goettingen.de/iiif/presentation/PPN167287931_0017/manifest?version=7a696723,Open Access,"Exceptional for global history of science. The ""Göttingen Digitalization Centre"" allows students to track the ""Republic of Letters"" and the spread of scientific data through early modern Europe.",,"9.9375952, 51.5414946",,
Hamilton College,https://litsdigital.hamilton.edu/collections/hamilton-college-library-digital-collections,"Shakers, Abolition, Central-New-York, Jazz, Rare",4,IIIF,Note: icon copies link,https://litsdigital.hamilton.edu/do/896e2bfd-e1e5-459d-9456-4b70ee03da52/metadata/iiifmanifest3collection/Baron%20Friedrich%20von%20Steuben%20collection_manifest.jsonld,Open Access,"Perfect for American religious history. The Shaker collection provides a unique look at communal living, allowing students to analyze the material culture and social structures of utopian societies.",,,https://www.hamilton.edu/offices/lits/research-instructional-design/digital-project-design,
Harvard Art Museums,https://harvardartmuseums.org/collections,"Bauhaus, Technical, Fine-Art, Conservation, Global",4,IIIF,Comment: Excellent,https://iiif.harvardartmuseums.org/manifests/object/202559,Open Access,"Essential for art history and design. The Bauhaus archive offers a comprehensive look at the world’s most influential design school, useful for students studying modernist aesthetics and pedagogy.",,"-71.1143582, 42.3740898",,
Hoover Institution,https://digitalcollections2.hoover.org/,"War, Revolution, Diplomacy, Politics, Propaganda",4,IIIF,,https://digitalcollections2.hoover.org/iiif/manifest/11736,Open Access,A top-tier resource for international relations. Students can analyze 20th-century propaganda posters or personal papers to study the Cold War and global political upheavals.,,"-122.1663503, 37.4272462",,
"Illinois, University of (Urbana-Champaign)",https://metadata.library.illinois.edu/collections?fq%5B%5D=system_keyword_service_key:dls,"Agriculture, Literature, Engineering, Folklore, Library-Science",4,IIIF,Note: hard to find - sometimes forbdden!,https://digital.library.illinois.edu/items/6faa8ec0-1f6a-013c-489c-02d0d7bfd6e4-6/manifest,Open Access,Great for literary research. The Motley Collection of Theatre Design allows students to visualize the staging and costuming of classic plays as they were originally performed.,,"-88.2271615, 40.1019523",https://citl.illinois.edu/,
Kyoto University,https://rmda.kulib.kyoto-u.ac.jp/en,"Japanese, Rare-Books, Buddhist, Medical, Asian",4,IIIF,Comment: good,https://rmda.kulib.kyoto-u.ac.jp/iiif/metadata_manifest/RB00007683/manifest.json,Open Access,Invaluable for East Asian studies. Students can examine rare Edo-period manuscripts and Japanese woodblock prints to study pre-modern artistic and scientific traditions.,,"135.7808218, 35.0262444",,
Lancaster University,https://digitalcollections.lancaster.ac.uk/collections/,"Ruskin, Regional, Literary, Quaker, British",4,IIIF,Comment: excellent,https://digitalcollections.lancaster.ac.uk/iiif/PC-EP-00055,Open Access,"Excellent for Victorian studies. The John Ruskin collection enables students to study the intersection of art criticism, social reform, and environmentalism in 19th-century Britain.",,"-2.7877294, 54.0103942",,
Laurentian Medici Library,https://iiif.biblissima.fr/collections/search?collection=Teca%20digitale%20-%20Biblioteca%20Medicea%20Laurenziana,"Renaissance, Humanism, Medici, Florentine, Classic",4,IIIF,Note: ?iiif-content= Comment: good,,Open Access,The ultimate source for Renaissance humanism. Students can view the personal libraries of the Medici family to understand the intellectual foundations of the modern Western world.,,"11.2538362, 43.7746737",,
"Leeds, University of",https://digital.library.leeds.ac.uk/,"Textiles, Romany, Cookery, Manuscripts, Yorkshire",4,IIIF,Note: icon links to iiif.io,,Open Access,Excellent for material culture studies. Students can analyze the International Textile Collection to study global trade and industrial history through fabric patterns and production records.,,"-1.5550328, 53.8066815",,
Loyola Marymount University,https://digitalcollections.lmu.edu/,"Catholic, Los-Angeles, Jesuit, Theater, Postcards",4,IIIF,Note: icon links to iiif.io,https://iiif.quartexcollections.com/lmudigitalcollections/iiif/318c36fd-9f6f-48ec-87e4-3c2ee43b9131/manifest,Open Access,Useful for urban history and religious studies. The postcard collection provides a visual timeline of Southern California’s development and the evolution of its built environment.,,"-118.4188984, 33.9691953",https://its.lmu.edu/whoweare/staff/teachinglearningandresearchtechnology/,
Miami University,https://www.lib.miamioh.edu/digital-collections/,"Freedom-Summer, Cartography, Textbooks, Regional, Archive",4,IIIF,,https://digital.lib.miamioh.edu/iiif/2/postcards:121806/manifest.json,Open Access,A cornerstone for teaching the Civil Rights Movement. The Freedom Summer digital collection allows students to engage with primary documents from the 1964 voter registration drive.,,"-84.7344915, 39.5087485",https://miamioh.edu/ehs/about/facilities/engaging-technology-lab.html,
Michigan State University,https://d.lib.msu.edu/msul,"Africana,Agriculture,American Radicalism,Applied and Life Sciences,Arts and Humanities,Comic Art,Cookbooks,Fables,Feeding America Project website,Fencing,History and Social Sciences,Interviews with Michigan Supreme Court Justices,Janet A. Ginsburg Chicago Tribune Collection,Law,Little Cookbooks,Michigan Farm News,MSU History,MSU Libraries Publications,Orchids,Osteopathy,School Gardens Collection,Shaping the Values of Youth,State news,Sunday School Books,The Grange Visitor,Turfgrass,Veterinary Medicine",4,IIIF,,https://d.lib.msu.edu/rad/3/manifest,Open Access,"Unique for popular culture studies. The massive comic book and cookbook collections allow students to track shifting social norms and gender roles through ""low-brow"" historical media.",,"-84.4790827, 42.7250725",https://teachingcenter.msu.edu/,
Mmmonk,https://www.mmmonk.be/en/manuscripts,"Monastic, Medieval, Flanders, Manuscripts, IIIF",4,IIIF,"Note: collaborative project between Bruges Public Library, Ghent University Library, Major Seminary Ten Duinen in Bruges and Ghent Diocese Comment: excellent",https://sharedcanvas.be/IIIF/manifests/B_GS_MS089-054,Open Access,Ideal for digital humanities and book history. Students can use the IIIF platform to virtually reunite dispersed medieval libraries from Flemish abbeys for comparative analysis.,,"3.2230443, 51.2097981",,
National Library of Norway,https://www.nb.no/search,"Nordic, Polar, Music, Genealogy, Maps",4,IIIF,"Note: NOT WORKING Comment: WOULD BE EXCELLENT, BUT NOT WORKING",,Open Access,Perfect for Arctic studies and linguistics. Students can explore polar exploration diaries or the evolution of the Norwegian language through a massive corpus of digitized books.,,"10.7173052, 59.9143327",,
National Library of Portugal,https://iiif.biblissima.fr/collections/search?collection=Biblioteca%20Nacional%20de%20Portugal%20-%20Biblioteca%20Nacional%20Digital,"Lusophone, Exploration, Cartography, Literature, Atlantic",4,IIIF,,,Open Access,Essential for colonial history. The maps and manuscripts offer a deep look into Portuguese maritime exploration and the historical connections across the Atlantic world.,,"-9.1526399, 38.7511102",,
Natural HIstory Museum of UK,https://data.nhm.ac.uk/dataset/collection-specimens/resource/05ff2255-c38a-40c9-b657-4ccb55ab2feb/record/4659958,"Specimen, Botany, Darwin, Evolution, Biodiversity",4,IIIF,Comment: excellent,https://data.nhm.ac.uk/iiif/resource/bb909597-dedf-427d-8c04-4c02b3a24db3/record/1264540,Open Access,"Vital for biological sciences. Students can access high-resolution data on type specimens to study taxonomy, extinction, and the historical impact of climate change.",,,,
Norman B. Leventhal Map & Education Center,https://www.leventhalmap.org/,"Cartography, Boston, Geography, Data, GIS",4,IIIF,Comment: Excellent,https://collections.leventhalmap.org/search/commonwealth:3f463198b/manifest,Open Access,"Superior for geospatial literacy. Its ""Georeferencer"" tool lets students overlay historical maps onto modern satellite imagery to visualize urban change over centuries.",,"-71.0781568, 42.3492841",,
Northern State University (Digital Library of South Dakota),https://explore.digitalsd.org/digital/custom/nsu,"Dakota, Education, Music, Rural, Regional",4,IIIF,,,Open Access,"Great for institutional history. Students can analyze the ""South Dakota Music Education"" archives to see how arts curriculum and rural schooling have evolved since the frontier era.",,"-98.4829326, 45.4510068",,
Northwestern University,https://dc.library.northwestern.edu/,"Africana, Photography, Paris, Music, Posters",4,IIIF,,https://api.dc.library.northwestern.edu/api/v2/works/c3be68fc-3e6e-4e26-9eec-92f8244760a3?as=iiif,Open Access,"Powerful for African studies. The Humphrey Winterton Collection provides thousands of photographs documenting colonial-era Africa, useful for analyzing the ""imperial gaze.""",,"-87.675267, 42.0564594",https://digitallearning.northwestern.edu/,
Ohio University,https://www.ohio.edu/library/collections/digital-archives,"Appalachia, Southeast-Asia, Journalism, Campus, Mining",4,IIIF,Comment: Very good,https://cdm15808.contentdm.oclc.org/iiif/p15808coll4:3583/manifest.json,Open Access,Strong for Appalachian studies. Students can research the coal mining industry and labor history of Southeastern Ohio through oral histories and local records.,,"-82.1013889, 39.324358",,
Oklahoma Department of Libraries,https://digitalprairieok.net/,"Prairie, Indigenous, Government, Land-Run, Statehood",4,IIIF,Comment: Very Good,https://digitalprairie.ok.gov/iiif/2/p16807coll1:122701/manifest.json,Open Access,"Key for Native American history. The ""Digital Prairie"" collections allow students to investigate the legal and social history of land allotment and tribal sovereignty.",,"-97.507904, 35.4877052",,
Oxford University,https://www.bodleian.ox.ac.uk/collections-and-resources/special-collections/digital-collections,"Global, Rare, Literature, Antiquity, Scholarly",4,IIIF,Note: a little hidden but pretty good,https://iiif.bodleian.ox.ac.uk/iiif/manifest/61a7fc9a-a7bd-4a71-a787-f9864b3ee889.json,Open Access,(Note: Same as Bodleian above) Ideal for high-level research skills. Students can track the transmission of texts from ancient fragments to the Gutenberg Bible.,,,,
Purdue University,https://earchives.lib.purdue.edu/digital,"Flight, Astronauts, Engineering, Agriculture, Amelia-Earhart",4,IIIF,Comment: Very good,https://earchives.lib.purdue.edu//iiif/info/earhart/578/manifest.json,Open Access,The premier resource for aerospace history. Students can study Amelia Earhart’s personal papers or flight logs to analyze early 20th-century aviation and gender.,,"-86.9211946, 40.4237054",,
Repository of the Jewish Community of Thessaloniki,https://repository.jct.gr/en,,4,IIIF,,,Open Access,,,,,
Rice University,https://digitalcollections.rice.edu/,"Texas, Houston, Space-Race, Architecture, Slavery",4,IIIF,,https://iiif.quartexcollections.com/rice/iiif/f369b10f-865e-494e-8c2b-99a554447ecf/manifest,Open Access,"Excellent for urban planning and civil rights history. The ""Slave Voyages"" data and ""Houston History"" archives allow for deep quantitative and qualitative research.",,"-95.4035531, 29.7168363",,
Samford University,https://digitalcollections.samford.edu,"Baptist, Alabama, Genealogy, Religious, South",4,IIIF,,https://iiif.quartexcollections.com/samford/iiif/cf79e67c-59f7-4eaf-917e-56e4abcffdf8/manifest,Open Access,Specialized for Southern religious history. Students can use church records to study the role of faith communities in Alabama’s social and political development.,,"-86.7913423, 33.4649218",,
"San Francisco, University of",https://digitalcollections.usfca.edu/,"Jesuit, San-Francisco, Social-Justice, Mission, Urban",4,IIIF,Comment: Very good,https://digitalcollections.usfca.edu//iiif/info/p15129coll10/387/manifest.json,Open Access,"Strong for human rights studies. The ""Adolph Giesl-Gieslingen"" collection or local activist archives allow students to study global and local movements for justice.",,"-122.4507187, 37.7765643",,
"Scotland, National Library of",https://digital.nls.uk/gallery/,"Gaelic, Cartography, Enlightenment, Military, Broadside",4,IIIF,Comment: Very Good,https://view.nls.uk/manifest/7703/77031962/manifest.json,Open Access,"A ""must-use"" for historical mapping. Their map viewer is one of the world's best for teaching students how to read landscape changes and military fortifications.",,"-3.1919722, 55.9485782",,
Smart Museum of Art,https://smartcollection.uchicago.edu/collections,"Modernism, Chicago, Asian, Contemporary, Design",4,IIIF,"Comment: Would be excellent, but not working",https://smartcollection.uchicago.edu/apis/iiif/presentation/v2/1-objects-32070/manifest,Open Access,"Great for curatorial studies. Students can use the digital collection to practice building virtual exhibitions based on the ""Chicago Imagists"" or modern Asian art.",,"-87.6001981, 41.7935717",,
Smithsonian Institution,https://www.si.edu/collections,"Encyclopedia, American, Natural-History, Technology, Culture",4,IIIF,Comment: Very good / excellent,https://ids.si.edu/ids/manifest/SAAM-1985.66.285_1,Open Access,"The ultimate interdisciplinary resource. Use the ""Learning Lab"" feature to have students curate their own collections across science, art, and history.",,,,
Smithsonian National Museum of American History,https://americanhistory.si.edu/collections/,"Invention, Politics, Military, Domestic, Civil-Rights",4,IIIF,Comment: Very good / excellent,https://ids.si.edu/ids/manifest/NMAH-DOR2012-3127,Open Access,"Essential for social history. Students can analyze the ""object-ness"" of history by studying items ranging from the Star-Spangled Banner to civil rights lunch counters.",,"-77.0300509, 38.8912793",,
South Dakota School of Mines & Technology,https://explore.digitalsd.org/digital/custom/sdsmt,"Geology, Mining, Engineering, Fossils, Black-Hills",4,IIIF,Comment: Very good,https://explore.digitalsd.org//digital/iiif-info/localsdsmt/2482/manifest.json,Open Access,Perfect for STEM and Earth sciences. Students can research the history of the Homestake Mine or examine paleontological records from the Badlands.,,"-103.2062801, 44.0730941",,
South Dakota State University,https://explore.digitalsd.org/digital/custom/sdsu,"Agriculture, Extension, Rural, Native-American, Home-Economics",4,IIIF,Comment: Very good,https://explore.digitalsd.org//digital/iiif-info/Daschle/24005/manifest.json,Open Access,Strong for environmental history and the history of the Great Plains. Students can study the impact of the Dust Bowl or the development of agricultural technology.,,"-96.7835182, 44.3191071",,
"South Dakota, University of",https://explore.digitalsd.org/digital/custom/usd,"Music, Law, Indigenous, Medicine, Wounded-Knee",4,IIIF,Comment: Very goodf,https://explore.digitalsd.org//digital/iiif-info/richardson/10875/manifest.json,Open Access,Invaluable for ethnomusicology. The National Music Museum collections allow students to study the global history of musical instruments through high-res photography.,,"-96.7357666, 43.5425426",,
State Archives of North Carolina,https://digital.ncdcr.gov/,"Colonial, Civil-War, Government, Photography, Southern",4,IIIF,,https://iiif.quartexcollections.com/ncdcr/iiif/f8d130ea-6bf5-4ef5-a143-7c0717a55f85/manifest,Open Access,"Vital for legal history. Students can analyze original colonial charters, slave deeds, and legislative records to understand the formation of state government and law.",,"-78.63714, 35.7828545",,
Stony Brook University,https://exhibits.library.stonybrook.edu/s/digital-projects/page/welcome,"Long-Island, Environment, Politics, Medicine, Activism",4,IIIF,Comment: very strange manifest urls,https://exhibits.library.stonybrook.edu/iiif/3/645/manifest,Open Access,"Ideal for environmental history and regional studies. Students can analyze the ""Environmental Defense Fund"" archives to see how local activism shaped global conservation policy.",,"-73.1237618, 40.9041385",,
The Claremont Colleges,https://ccdl.claremont.edu/,"Water, California, Antiquity, Botany, Photography",4,IIIF,Comment: excellent,https://ccdl.claremont.edu//digital/iiif-info/p15831coll17/7692/manifest.json,Open Access,"Excellent for sustainability studies. The ""Western Water Archives"" allow students to research the historical legal and social battles over water rights in the arid West.",,"-117.71304, 34.0776",,
"The Huntington Library, Art Museum, and Botanical Gardens",https://hdl.huntington.org/,"Renaissance, Manuscripts, Maps, British, American-West",4,IIIF,Comment: excellent,https://hdl.huntington.org//iiif/info/p16003coll21/6399/manifest.json,Open Access,A premier source for early modern history. Students can use high-resolution scans of the Ellesmere Chaucer or Civil War telegrams to practice primary source transcription.,,"-118.1145242, 34.1290452",,
The Metropolitan Museum of Art,https://www.metmuseum.org/art/libraries-and-research-centers/watson-digital-collections,"Fashion, Catalogues, Design, Ephemera, Auction",4,IIIF,Comment: excellent,https://libmma.contentdm.oclc.org/iiif/2/p15324coll6:1592/manifest.json,Open Access,Essential for fashion history and museum studies. Students can trace the history of taste and the art market through digitized rare auction catalogs and exhibition ephemera.,,"-73.963244, 40.7794366",,
The University of British Columbia,https://open.library.ubc.ca/,"Indigenous, Pacific-Northwest, Forestry, Japanese-Canadian, Archives",4,IIIF,Note: hard to find but OK,https://iiif.library.ubc.ca/presentation/cdm.chungtext.1-0354843/manifest,Open Access,Vital for Indigenous studies and human rights. The Japanese-Canadian photograph collection is a powerful tool for teaching the history of internment and civil liberties.,,"-123.2459939, 49.2606052",,
The University of Manchester,https://www.digitalcollections.manchester.ac.uk/,"Medical, Industrial, Science, Papyri, Hebraica",4,IIIF,Comment: excellent,https://www.digitalcollections.manchester.ac.uk/iiif/PR-INCU-18321,Open Access,"Great for the history of industry. As the world’s first industrial city, Manchester’s archives allow students to study the socio-economic impacts of the Industrial Revolution firsthand.",,"-2.2338837, 53.4668498",,
Universiteit Leiden,https://digitalcollections.universiteitleiden.nl/,"Colonial, Asian, Islamic, Maps, Scholarly",4,IIIF,Note: only rare books collection,,Open Access,Outstanding for post-colonial studies. Their vast collections on Southeast Asia and the Dutch East India Company (VOC) provide raw materials for analyzing colonial administration and resistance.,,"4.4866564, 52.156569",,
University of Minnesota,https://umedia.lib.umn.edu/,,4,IIIF,,,,,,,,
van Hamel Foundation for Celtic Studies,https://codecs.vanhamel.nl/Home,"Celtic, Medieval, Irish, Philology, Manuscripts",4,IIIF,Comment: very good,,Open Access,A specialized niche for linguistics and Celtic studies. It functions as a collaborative database for students to track the transmission and metadata of medieval Irish and Welsh texts.,,,,
"Washington, University of",https://digitalcollections.lib.washington.edu,"Pacific-Northwest, Architecture, Mountaineering, Nordic, Ethnomusicology",4,IIIF,Comment: excellent,https://digitalcollections.lib.washington.edu//iiif/info/eurasia/4569/manifest.json,Open Access,"Perfect for environmental and visual studies. The ""Mountain and Glacier"" photography collections help students visualize climate change and the exploration of the American West.",,"-122.3081762, 47.6516448",,
"Wisconsin, University of (Milwaukee)",https://uwm.edu/lib-collections/,"Cartography, Civil-Rights, Polish, Industrial, Urban",4,IIIF,Comment: excellent,https://cdm17272.contentdm.oclc.org/iiif/2/hardie:167/manifest.json,Open Access,Home to the American Geographical Society Library, it is unmatched for geography and GIS students wanting to study historical global mapping.,,"-87.8819686, 43.078263",https://uwm.edu/cetl/
Yale Center for British Art,https://collections.britishart.yale.edu,"British, Landscape, Colonialism, Portraits, Material-Culture",4,IIIF,,,Open Access,Ideal for art history and post-colonial studies. Students can analyze the Online Collection to see how British art both reflected and shaped the aesthetics of the British Empire across the globe.,,,,
Yale University,https://library.yale.edu/explore-collections/explore/digital-collections,"Global, Rare, Art, Divinity, Beinecke",4,IIIF,Comment: excellent,https://collections.library.yale.edu/manifests/16986907,Open Access,"Ideal for interdisciplinary humanities. Use the ""Digital Collections"" to compare disparate items—like the Voynich Manuscript and Frederick Douglass’s letters—to teach comparative historical methods.",,"-72.9223431, 41.3163244",,
Art Institute of Chicago,https://www.artic.edu/collection,"Impressionism, Modernism, Architecture, Global, Design",3,IIIF,,https://api.artic.edu/api/v1/artworks/28560/manifest.json,Open Access,"Exceptional for curatorial practice. Students can use the ""Open Access"" imagery to create their own digital galleries while studying the provenance and conservation of famous works.",,,https://www.saic.edu/crit,
Austrian National Library,https://onb.digital/,"Habsburg, Maps, Papyrus, Music, Portraits",3,IIIF,Note: only in mirador,https://api.onb.ac.at/iiif/presentation/v3/manifest/104D67CB,Open Access,A primary source for European imperial history. Students can analyze the digitized papyrus collection (one of the world's largest) to study daily life in ancient Egypt.,,,,
Belvedere Museum (Österreichische Galerie Belvedere),https://digitale-bibliothek.belvedere.at,"Klimt, Biedermeier, Secession, Baroque, Austrian",3,IIIF,Note: only with Detekt,https://digitale-bibliothek.belvedere.at/viewer/api/v1/records/1522834555158/manifest/,Open Access,"The Belvedere Digital Library is a premier resource for studying Viennese Modernism. Students can analyze digitized exhibition catalogs from the Hagenbund and Secession to understand how ""Art around 1900"" was curated and received in its original historical context.",,,,
Brigham Young University,https://lib.byu.edu/collections/digital/,"Mormonism, Western-Expansion, Folklore, Genealogy, Military",3,IIIF,Note: logo broken,https://contentdm.lib.byu.edu/iiif/2/FrenchPolPa:15348/manifest.json,Open Access,Key for religious and frontier history. The Victorian Short Fiction collection offers a unique resource for students studying literature and gender in the 19th century.,,"-111.6493156, 40.2518435",https://ctl.byu.edu/media-technology,
"British Columbia, University of",https://open.library.ubc.ca,"Indigenous, Pacific-Northwest, Forestry, Japanese-Canadian, Archives",3,IIIF,Note: logo displayed but not functional,https://iiif.library.ubc.ca/presentation/cdm.artefacts.1-0109070/manifest,Open Access,"Powerful for social justice and environmental history. The UBC Open Collections offer primary accounts of the Japanese-Canadian internment, serving as a critical case study for civil rights and ethics.",,,https://lthub.ubc.ca/,
Brown University,https://repository.library.brown.edu/studio/collections/library/,"Slavery, Americana, Theater, Rhode-Island, Music",3,IIIF,Note: excellent support but no logo,https://repository.library.brown.edu/iiif/presentation/bdr:232193/manifest.json,Open Access,"Essential for Atlantic history. The ""John Carter Brown Library"" and ""Slavery and Justice"" collections allow students to investigate the transatlantic slave trade and its enduring legacies.",,"-71.4025482, 41.8267718","https://library.brown.edu/create/cds/ , https://dld.brown.edu/",
"Cape Town, University of",https://ibali.uct.ac.za/s/ibali/page/welcome,"African, Apartheid, Anthropology, Music, Oral-History",3,IIIF,Note: logo in UV. link availabkle but labeled 'image',,Open Access,Vital for social justice and political science. Students can engage with oral histories and archives from the anti-apartheid movement to study systemic change and memory.,,"18.4611991, -33.957652",,
e-rara,https://www.e-rara.ch/,"Swiss, Printing, Science, Cartography, Rare-Books",3,IIIF,,,Open Access,"A niche resource for the history of science and typography. The e-rara platform provides digitized rare books from Swiss libraries, allowing students to study early botanical illustrations and mathematical treatises.",,,,
Folger Shakespeare Library,https://digitalcollections.folger.edu/,"Shakespeare, Theater, Early-Modern, Recipes, Literature",3,IIIF,Note: no logo. LInk + link in Mirador,https://digitalcollections.folger.edu/node/203579/manifest,Open Access,"The best resource for Early Modern English literature. Students can use digitized ""prompt books"" to see how Shakespeare’s plays were actually staged over the last 400 years.",,"-77.0027563, 38.8892957",,
Harvard University,https://curiosity.lib.harvard.edu/,"Global, Medicine, Colonialism, Law, Diversity",3,IIIF,Note: logo displayed but not functional. separate link to copy manifest link,https://iiif.lib.harvard.edu/manifests/ids:435127545,Open Access,"Excellent for thematic digital exhibits. The ""Contagion"" or ""Women Working"" collections provide curated sets for students to build arguments about public health and labor history.",,"-71.1182488, 42.3744368",,
Heidelberg University Library,https://www.ub.uni-heidelberg.de/en/open-access,"Medieval, Art-History, German, Literature, Medicine",3,IIIF,Note: very hard to find,https://digi.ub.uni-heidelberg.de/diglit/iiif3/fohmann1821/manifest,Open Access,"Famous for the ""Codex Manesse,"" it is a premier resource for Middle High German studies and the study of medieval courtly culture through illumination.",,,,
Lafayette College,https://ldr.lafayette.edu/,"Marquis-de-Lafayette, Abolition, Art, Campus, Engineering",3,IIIF,,https://iiif.lib.harvard.edu/manifests/ids:435127545,Open Access,Strong for Revolutionary War history. Students can analyze the personal papers of the Marquis de Lafayette to study international diplomacy and the abolitionist movement.,,,,
Library of Congress (USA),https://www.loc.gov/research-centers/main/collections/digital-collections/,"Encyclopedia, American, Photography, Music, Law",3,IIIF,Note: only in mirador,https://www.loc.gov/item/74182181/manifest.json,Open Access,"The ultimate general-purpose teaching tool. Students can use the ""Chronicling America"" newspapers to see how local towns reacted to global events like the World Wars or the Great Depression.",,,,
"Miami, University of",https://digitalcollections.library.miami.edu/digital/,"Cuban, Florida, Caribbean, Pan-Am, Architecture",3,IIIF,Note: iiif icon not functional,https://digitalcollections.library.miami.edu/iiif/2/kis0001:4252/manifest.json,Open Access,"A top resource for Latin American and Caribbean studies. The ""Cuban Heritage Collection"" allows students to study exile culture and 20th-century Cuban history.",,"-80.2781262, 25.7173947",https://academictechnologies.it.miami.edu/index.html,
"Michigan, University of",https://quod.lib.umich.edu/lib/colllist/,"Papyri, Medical, Philippines, Poetry, Medieval",3,IIIF,,https://quod.lib.umich.edu/cgi/i/image/api/manifest/sclalco:16,Open Access,"Exceptional for digital philology. The ""Early English Books Online"" (EEBO) collaboration allows students to search and analyze the text of almost every book printed in English before 1700.",,"-83.7382071, 42.277145",,
"North Texas, University of",https://digital.library.unt.edu/,"Texas, Government, Newspapers, Music, Posters",3,IIIF,Note: only via Detekt,https://digital.library.unt.edu/ark:/67531/metadc2441587/manifest/,Open Access,"A leader in government documents. The ""Portal to Texas History"" is a model for how students can use local newspapers and state records to write comprehensive regional histories.",,"-97.1525862, 33.207488",,
"Pennsylvania, University of",https://colenda.library.upenn.edu,"Medieval, South-Asia, Magic, Medicine, Judaica",3,IIIF,Note: unique link style,https://colenda.library.upenn.edu/items/ark:/81431/p3dj59h0k/manifest,Open Access,"Fascinating for the history of ideas. The ""Manuscripts of the Muslim World"" and the history of magic collections allow students to explore non-Western intellectual traditions.",,"39.95240759, -75.19349954",,
Pepperdine University,https://pepperdine.quartexcollections.com/,"Malibu, Religious-History, Photography, Asian, Surf",3,IIIF,Note: icon links to iiif.io,https://iiif.quartexcollections.com/pepperdine/iiif/148aec8a-5680-4731-9243-a0c53b56b7c9/manifest,Open Access,Interesting for coastal and environmental history. The local photographic collections can be used to study the development and environmental transformation of the California coast.,,"-118.709596, 34.0415037",,
"Portland, University of",https://digital.up.edu,"Catholic, Oregon, Nursing, Sports, Local",3,IIIF,Note: icon links to iiif.io,https://iiif.quartexcollections.com/portland/iiif/e44c6a41-4447-45fd-b1a4-04c7025690ef/manifest,Open Access,"Useful for institutional and health history. Students can explore the ""Nursing and Health"" collections to see the evolution of clinical practice and education in the Pacific Northwest.",,"-122.7275712, 45.5732046",,
Qatar Digital Library,https://www.qdl.qa/en,"Gulf, Islamic, Science, British-India, Manuscripts",3,IIIF,,https://www.qdl.qa/en/iiif/81055/vdc_100038378586.0x000285/manifest,Open Access,Essential for Middle Eastern studies. This portal offers students high-resolution access to archival records of the Gulf region and digitized Islamic manuscripts on mathematics and medicine.,,,,
The Art Institute of Chicago,https://www.artic.edu/collection,"Impressionism, Modernism, Architecture, Global, Design",3,IIIF,"Comment: no icon, but excellent",https://api.artic.edu/api/v1/artworks/21023/manifest.json,Open Access,"Ideal for curatorial practice. Using their Open Access collection, students can build digital portfolios or exhibitions while researching the provenance and technical data of world-renowned masterpieces.",,"-87.6223504, 41.8796031",,
Victoria and Albert Museum,https://www.vam.ac.uk/collections?type=featured,"Design, Textiles, Fashion, Performance, Craft",3,IIIF,Note: very well hidden,,Open Access,"The world's leading resource for art and design education. Students can trace the history of global manufacturing and aesthetic movements by studying the ""Search the Collections"" featured sets, which range from Victorian photography to contemporary streetwear.",,"-0.17218, 51.4966392",,
Bavarian state library,https://www.digitale-sammlungen.de/en/,"Germanic, Manuscripts, Maps, Incunabula, Music",2,IIIF,Note: in Mirador,https://api.digitale-sammlungen.de/iiif/presentation/v2/bsb11803970/manifest,Open Access,"Essential for medieval and early modern European history. Their ""MDZ"" (Munich Digitization Center) offers a massive corpus for students to study the development of the printing press and the spread of Humanism in Central Europe.",,"11.5803217, 48.147493",,
Cal State University Library,https://archives.calstate.edu/,"California, Labor, Japanese-American, Agriculture, Archive",2,IIIF,Note: only in UV,https://archives.calstate.edu/concern/archives/g445cx98q/manifest,Open Access,"A key tool for social and ethnic studies. The ""Japanese American Digitization Project"" provides specific primary sources for students to investigate the impacts of Executive Order 9066 across multiple California communities.",,"-118.1674526, 34.0674401",,
Carnegie Mellon,https://digitalcollections.library.cmu.edu/,"Robotics, Computing, Architecture, Drama, Science",2,IIIF,Note: only in Mirador,http://iiif.library.cmu.edu/manifest/GPC_0000000001/manifest.json,Open Access,"Perfect for the history of technology. Students can explore the ""Herbert A. Simon Collection"" to understand the foundations of Artificial Intelligence and cognitive science.",,,https://www.cmu.edu/teaching/technology/,
Columbia University,https://library.columbia.edu/libraries/rbml/digitalcollections.html,"Journalism, Human-Rights, New-York, Rare-Books, Literature",2,IIIF,"Note: only in Mirador, does not use Image API",,Open Access,"Superior for journalism and political science. The ""Pulitzer Prize"" archives and human rights collections allow students to analyze how investigative reporting has influenced public policy throughout the 20th century.",,"-73.9625727, 40.8075355",,
Drexel University,https://drexel.alma.exlibrisgroup.com/discovery/collectionDiscovery?vid=01DRXU_INST:01DRXU,"Fashion, Philadelphia, Engineering, Nursing, Industry",2,IIIF,Note: only in Mirador,https://drexel.alma.exlibrisgroup.com/view/iiif/presentation/01DRXU_INST/12542074220004721/manifest?iiifVersion=3&updateStatistics=false,Open Access,"Strong for historical material culture. The ""Robert and Penny Fox Historic Costume Collection"" offers students a high-resolution look at the construction and social significance of clothing from the 18th century to the present.",,,https://www.lebow.drexel.edu/about/support-services/instructional-technology,
East Carolina University,https://digital.lib.ecu.edu/,"Maritime, Pirate, North-Carolina, Military, Medicine",2,IIIF,Note: only in Mirador,,Open Access,"The premier resource for maritime history. Students can use the ""North Carolina Digital Collections"" to study Atlantic trade, naval warfare, and the actual archaeological records of the Queen Anne’s Revenge.",,"-77.3665364, 35.6068806",,
Eastern Kentucky University,https://digitalcollections.eku.edu/collections/browse?sort_field=Dublin+Core%2CTitle,"Appalachia, Oral-History, Rural, Education, Kentucky",2,IIIF,Note: only in UV,https://digitalcollections.eku.edu/iiif/86133/manifest,Open Access,"Vital for folk studies and sociology. The ""Appalachian Oral Histories"" allow students to hear firsthand accounts of the cultural and economic shifts in the coal-mining regions of the South.",,"-84.2987483, 37.7359731",,
Emory University,https://digital.library.emory.edu/,"African-American, Slavery, Poetry, Theology, Atlanta",2,IIIF,Note: only in UV,https://curate.library.emory.edu/iiif//95269p8g99-cor/manifest,Open Access,"Invaluable for literary and racial studies. The ""Trans-Atlantic Slave Trade Database"" and the papers of major Black poets (like Alice Walker) provide a rigorous foundation for studying the African Diaspora.",,"-84.3252791, 33.7973735",https://canvas-support.emory.edu/,
"Hawaii, University of (Manoa)",https://digital.library.manoa.hawaii.edu,"Pacific, Indigenous, Anthropology, Maps, Hawaii",2,IIIF,Note: only in UV,https://digital.library.manoa.hawaii.edu/iiif/29882/manifest,Open Access,"Essential for Pacific Island studies. Students can analyze the ""Hawaiian Historical Newspapers"" to understand the transition from the Hawaiian Kingdom to US statehood from a local perspective.",,"-157.8148228, 21.299824",,
Indiana University,https://digitalcollections.iu.edu/,"Folklore, Ethnomusicology, Cartography, Biology, Film",2,IIIF,Note: only in UV,https://digitalcollections.iu.edu/concern/paged_resources/hh63vh69x/manifest,Open Access,"A ""gold mine"" for cultural anthropology. Students can access global sound recordings and oral traditions to study how music and stories preserve cultural identity over generations.",,"-86.5230073, 39.1682449",https://citl.indiana.edu,
Lehigh University,https://preserve.lehigh.edu/,"Bridges, Railroads, Engineering, Industrial, Local",2,IIIF,Note: only in Mirador,https://preserve.lehigh.edu/node/305703/manifest,Open Access,"Best for the history of civil engineering. Students can research the ""Bethlehem Steel"" records to understand the infrastructure that built 20th-century America.",,,https://lts.lehigh.edu/citl,
M Leuven,https://www.mleuven.be/en,"Flemish, Sculpture, Medieval, Contemporary, Belgium",2,IIIF,Note: only in Mirador,https://mleuven.resourcespace.com/iiif/3ccd4c1c-8a77-42a0-975b-f33383ab4496/manifest,Open Access,Excellent for art history and conservation. Students can study late-Gothic sculpture and the evolution of religious art in the Low Countries through detailed object records.,,"4.7045671, 50.8789497",,
Minnesota Digital Library,https://mndigital.org/,"Minnesota, Native-American, Wilderness, Immigration, Industry",2,IIIF,Note: only in UV,https://cdm16022.contentdm.oclc.org/iiif/pch:486/manifest.json,Open Access,"A model for state-wide historical research. Students can use the ""Minnesota Reflections"" tool to see how diverse immigrant groups and Indigenous peoples shaped the Northern Midwest.",,"-93.2434917, 44.9709073",,
"Montreal, University of",https://calypso.bib.umontreal.ca/,"Francophone, Quebec, Music, Literature, Cartography",2,IIIF,Note: only in Mirador,https://cdm22028.contentdm.oclc.org/iiif/2/_guerre:1254/manifest.json,Open Access,"Essential for French-Canadian studies. Students can analyze the ""Papiers d'État"" or Quebec-specific musical scores to study the cultural autonomy and history of French North America.",,"-73.6137592, 45.5056156",,
National Library of Medicine,https://collections.nlm.nih.gov/,"Medical, Public-Health, Anatomy, War, Science",2,IIIF,Note: only in UV,https://collections.nlm.nih.gov/iiif/nlm:nlmuid-31810760RX1-mvpart/manifest,Open Access,The definitive source for the history of medicine. Students can analyze 19th-century surgical manuals or public health posters from the 1918 flu pandemic to see how medical communication has evolved.,,"-77.0988323, 38.9959508",,
North Carolina State University,https://www.lib.ncsu.edu/digital-collections,"Agriculture, Veterinary, Architecture, Textiles, Engineering",2,IIIF,Note: only in UV,https://d.lib.ncsu.edu/collections/catalog/ua100_014-005-bx0026-016-000-001/manifest?manifest=https://d.lib.ncsu.edu/collections/catalog/ua100_014-005-bx0026-016-000-001/manifest,Open Access,"Strong for STEM and design history. Students can explore the ""Modernist Architecture"" collection to see how mid-century design principles were applied to the American South.",,"-78.6812824, 35.7850744",https://www.lib.ncsu.edu/do/digital-scholarship,
"North Carolina, University of",https://dcr.lib.unc.edu/,"Southern, Slavery, Literature, Photography, Politics",2,IIIF,Note: only in Clover,https://dcr.lib.unc.edu/services/api/iiif/v3/813551b4-111b-43e9-8790-e3f2303f142e/manifest,Open Access,"Famous for ""Documenting the American South,"" it is the best site for teaching narrative history. Students can read ""North American Slave Narratives"" to gain personal insights into the lived experiences of enslaved people.",,"-79.0469134, 35.9049122",,
North Dakota State University,https://library.ndsu.edu/ndsuarchives/collections/digital-collections,"Prairie, Agriculture, Frontier, Pioneers, Red-River",2,IIIF,Note: only in Mirador,https://digitalhorizonsonline.org//iiif/info/ndsu-bolley/259/manifest.json,Open Access,"Key for agricultural history. Students can use the ""Institute for Regional Studies"" to analyze how irrigation and mechanized farming transformed the Great Plains.",,"-96.8024367, 46.8977528",,
"Notre Dame, University of",https://marble.nd.edu/,"Catholic, Dante, Medieval, Art, Religion",2,IIIF,Note: only in Mirador,https://iiif-manifest.library.nd.edu/manifest/1996.070.024.b,Open Access,"A premier site for theological and literary studies. The ""Dante Collection"" allows students to track the visual and textual evolution of the Divine Comedy through centuries of editions.",,"-86.2351655, 41.7051917",https://studios.nd.edu/services/teaching-and-learning-technologies/,
Princeton Art Museum,https://artmuseum.princeton.edu/,"Global, Manuscripts, Photography, Latin-American, Papyri",2,IIIF,Note: only in Mirador,https://data.artmuseum.princeton.edu/iiif/objects/142271,Open Access,"Ideal for cross-cultural comparative history. Students can use the ""Digital Princeton University Library"" to compare Egyptian papyri with Mesoamerican codices to study early civilizations.",,"-74.6575176, 40.346882",,
Princeton University,https://dpul.princeton.edu/,"Papyri, Latin-American, Manuscripts, Ephemera, Politics",2,IIIF,Note: only in UV,https://figgy.princeton.edu/concern/scanned_resources/a6ce4915-1bed-4116-a2cf-6bcfe49e0b07/manifest,Open Access,Best for primary source analysis of the Global South. The Princeton Digital University Library contains unique Latin American ephemeral collections—pamphlets and posters—that help students understand grassroots political movements.,,"-74.6550739, 40.3430942",,
Stanford University,https://searchworks.stanford.edu/?f[collection_type][]=Digital+Collection,"Silicon-Valley, Maps, Asian-American, Cartography, Technology",2,IIIF,Note: only in Mirador,https://purl.stanford.edu/cd981bc6705/iiif/manifest,Open Access,"Home to the ""David Rumsey Map Center,"" it is the gold standard for geospatial analysis. Students can use advanced viewing tools to ""overlay"" history onto modern landscapes.",,"-122.17006, 37.42766",,
Statewide California Electronic Library Consortium,http://callimachus.org/,"Consortium, California, Private-Institutions, Shared, Regional",2,IIIF,Note: only in Detekt,http://callimachus.org/iiif/2/p16061coll34:548/manifest.json,Open Access,Useful for comparative institutional research. Students can see how diverse private colleges in California contributed to the state's cultural and intellectual history through a single portal.,,"-120.3426672, 37.3405573",,
Texas A&M University,https://library.tamu.edu/research/digital_collections,"Texas, Agriculture, Military, Nautical, Borderlands",2,IIIF,Note: only in Mirador,https://api.library.tamu.edu/iiif-service/fedora/presentation/3b/6f/c3/25/3b6fc325-f6ca-41d8-b91e-8c5db3be8c13/charting-texas_objects/59,Open Access,"Excellent for maritime archaeology and frontier history. Students can explore the ""Shipwreck Database"" or the Colonial Mexico Collection to study the Spanish Empire's influence on North American development.",,"-96.3539706, 30.6060274",https://cte.tamu.edu/,
The Ohio State University,https://library.osu.edu/dc,"Comics, Byrd-Polar, Japanese-Art, Theatre, Archives",2,IIIF,Note: only in UV,https://library.osu.edu/dc/concern/generic_works/rf55zp66x/manifest,Open Access,A top-tier resource for visual literacy. The Billy Ireland Cartoon Library allows students to analyze editorial cartoons as primary sources for political and social history.,,"-83.0282624, 40.0060889",,
"Toronto, University of",https://onesearch.library.utoronto.ca/digital-collections,"Insulin, Anatomy, Medieval, Canada, Rare-Books",2,IIIF,Note: sometimes available in Mirador,https://iiif.library.utoronto.ca/presentation/v2/mdl:G6014_B9_12/manifest,Open Access,Vital for the history of medicine. Students can trace the development of life-saving discoveries through the Discovery and Early Development of Insulin archive.,,"-79.3958273, 43.663487",https://teaching.utoronto.ca/,
"TriCo (Bryn Mawr, Haverford, Swarthmore)",https://digitalcollections.tricolib.brynmawr.edu/,"Quaker, Women, Social-Justice, Manuscripts, Peace",2,IIIF,Note: available in Mirador,https://digitalcollections.tricolib.brynmawr.edu/node/484190/manifest-single,Open Access,"Ideal for gender studies and peace studies. The Quaker and Special Collections are perfect for researching pacifism, abolitionism, and the history of women's education in the U.S.",,"-75.32201, 39.9616083",,
Trinity College Dublin,https://digitalcollections.tcd.ie/,"Irish, Manuscripts, Kells, Literature, History",2,IIIF,Note: sometimes available in UV Comment: CORS error,https://digitalcollections.tcd.ie/concern/works/zw12zh508/manifest,Open Access,Unrivaled for medieval studies. Students can engage with the Book of Kells and other illuminated manuscripts to study early Christian art and Irish monastic culture.,,"-6.2545716, 53.3437935",,
"University of the Arts London, Camberwell College of Arts",https://digitalcollections.arts.ac.uk,"Artists'-Books, Printmaking, Illustration, Archive, Visual",2,IIIF,Note: only in Mirador,https://digitalcollections-api.arts.ac.uk/iiif/objects/koha:61230,Open Access,"Best for graphic design and book arts. The Digital Collections allow students to study the physical ""anatomy"" of artists' books and the evolution of print techniques.",,"-0.080359, 51.4742989",,
Vassar College,https://digitallibrary.vassar.edu/collections/other-collections/overview,"Suffrage, Local-History, Women, Alumni, Manuscripts",2,IIIF,Note: only in Mirador,https://digitallibrary.vassar.edu/node/11116/book-manifest,Open Access,Strong for political history. The Woman's Suffrage Collection provides foundational documents for studying the grassroots organizing and visual culture of the voting rights movement.,,"-73.89571, 41.68682",,
Vatican City,https://digi.vatlib.it/all/,"Papal, Renaissance, Greek, Latin, Classics",2,IIIF,Note: only in Mirador,https://digi.vatlib.it/iiif/MSS_Urb.lat.1/manifest.json,Open Access,"A ""holy grail"" for classical philology and theology. Students can perform deep-dives into ancient Greek and Latin codices that have shaped Western thought for millennia.",,"12.453389, 41.902916",,
"Victoria, University of",https://vault.library.uvic.ca/,"Colonial, Transgender, Architecture, Anarchism, Archives",2,IIIF,Note: only in UV,,Open Access,"Unique for LGBTQ+ history. The Transgender Archives is one of the world's largest collections, allowing students to research early trans activism and identity formation.",,,https://www.uvic.ca/learningandteaching/index.php,
Villanova University,https://digital.library.villanova.edu/,"Irish, Catholic, Theology, Americana, Philadelphia",2,IIIF,Note: only in Mirador,https://digital.library.villanova.edu/Item/vudl:1168249/Manifest,Open Access,Great for diaspora studies. The Irish Americana collection offers students a look at how immigrant communities built social and religious institutions in urban America.,,"-75.3425785, 40.0368926",,
"Wales, National Library of",https://www.library.wales/discover-learn/digital-exhibitions,"Welsh, Genealogy, Cartography, Photography, Celtic",2,IIIF,Note: only in UV,https://iiif.llyfrgell.cymru/manifests/2.0/4388358/manifest.json,Open Access,Essential for Celtic linguistics and genealogy. Students can use Digital Exhibitions to study the preservation of the Welsh language through historical poetry and land records.,,"-4.0685192, 52.414551",,
Wichita State University,https://libraries.wichita.edu/sc/digital,"Kansas, Photography, Mid-Century, Aviation, Civil-Rights",2,IIIF,Note: only in Mirador,https://cdm15942.contentdm.oclc.org/iiif/2/p15942coll214:6/manifest.json,Open Access,"Strong for industrial history. Known as the ""Air Capital of the World,"" its aviation archives help students study the technological boom and labor shifts of the mid-20th century.",,"-97.291526, 37.7190782",,
Willamette University,https://digitalcollections.willamette.edu/home,"Oregon, Missionaries, Indigenous, Pacific-Northwest, Campus",2,IIIF,Note: only in Mirador,https://digitalcollections.willamette.edu/server/iiif/e44018fe-fed5-4ccc-9ae8-6b4bb1bc4864/manifest,Open Access,Useful for regional and religious history. The Oregon Indian Mission records allow students to analyze the complex interactions between settler-colonists and Indigenous tribes.,,"-123.0307101, 44.9352335",,
"California State University, Chico",http://archives.csuchico.edu/,"Northeastern-California, Agriculture, Pioneers, Local, Environment",1,IIIF,Note: only via Detekt,http://archives.csuchico.edu/iiif/2/coll19:9/manifest.json,Open Access,"Best for environmental history. Students can use the archives to track land-use changes, water management, and the growth of agricultural hubs in Northern California.",,"-121.8478871, 39.7296653",,
"Getty, The",https://www.getty.edu/art/collection/,"Art-History, Provenance, Photography, Conservation, Antiquities",1,IIIF,Note: only with Detekt,https://media.getty.edu/iiif/manifest/62a1c3f5-2f70-4c1b-b6fc-890bd75e1d1b,Open Access,"Premier for museum studies. The Getty Research Institute allows students to track the ""life"" of an object through provenance records, showing how art is acquired and valued.",,"-118.4732648, 34.0773438",,
Ghent University (Belgium),https://libcatalog.ugent.be,"Flemish, Enlightenment, Science, Manuscripts, Book-History",1,IIIF,Exceedingly difficult to find IIIF-enabled resources in library catalog,,Open Access,"Exceptional for Western European history. Students can use the Library Catalog to explore the ""book as object,"" analyzing early modern printing and the transition of scientific thought in the Low Countries.",,,,
Internet Archive,https://archive.org,"Multimedia, Web-History, Ephemera, Global, Accessibility",1,IIIF,no visible IIIF link. Converter needed to generate manifest,,Open Access,"A massive resource for digital literacy. Students can use the ""Wayback Machine"" to study how public information and corporate messaging have changed over the decades on the live web.",,,,
Johns Hopkins University,https://dlmm.library.jhu.edu,"Medieval, French, Romance, Manuscripts, Literature",1,IIIF,Note: only with Detekt,https://jdm.library.jhu.edu/iiif-pres-dlmm/rose/Add42133/manifest,Open Access,"Specialized for medieval literature. The Digital Library of Medieval Manuscripts provides high-resolution access to the ""Roman de la Rose,"" perfect for studying courtly love and medieval allegory.",,"-76.6205177, 39.3299013",https://ctei.jhu.edu/,
KU Leuven (Belgium),https://kuleuven.limo.libis.be/,"Theology, Philosophy, Erasmus, Medieval, Manuscripts",1,IIIF,Exceedingly difficult to find IIIF-enabled resources in library catalog,,Open Access,A primary source for Humanism and religious studies. Students can investigate the LIMO portal to study the works of Erasmus and the intellectual heritage of one of Europe's oldest universities.,,,,
"Maryland, University of",https://digital.lib.umd.edu/,"Broadcasting, Japan, Cold-War, Journalism, Local",1,IIIF,Note: only in Detekt,,Open Access,Essential for media studies. The Gordon W. Prange Collection offers students a rare look at Japanese publishing under Allied occupation (1945–1952).,,"-76.9425543, 38.9869183",,
PALNI,https://palni.contentdm.oclc.org/digital/,"Indiana, Religious, Liberal-Arts, Consortium, Regional",1,IIIF,Note: only with Detekt,https://palni.contentdm.oclc.org/iiif/2/saddle:417/manifest.json,Open Access,Effective for institutional comparison. Students can examine how different private Midwestern colleges preserved their local heritage and religious affiliations over time.,,"-86.1726021, 39.8399145",,
Pennsylvania State University,https://digital.libraries.psu.edu/,"Labor, Steel, Agriculture, Pennsylvania, Comics",1,IIIF,Note: image API only in Detekt,,Open Access,Powerful for economic history. The Steelworkers Archive allows students to investigate the rise and decline of American manufacturing through the lens of individual workers.,,,https://tlt.psu.edu/,
The British Library,https://www.bl.uk/research/digitised-manuscripts/,"Global, Magna-Carta, Literature, Philology, Music",1,IIIF,Note: only with Detekt,https://bl.digirati.io/manifests/ark:/81055/man_10000006.0x000001,Open Access,"The ""gold standard"" for textual criticism. Students can compare the handwriting of major authors or examine the Magna Carta to understand the origins of constitutional law.",,"-0.1276759, 51.5299717",,
University of Amsterdam,https://uvaerfgoed.nl,"Dutch, Maps, Jewish-History, Medicine, Amsterdam",1,IIIF,Note: only with Detekt,https://uvaerfgoed.nl/viewer/api/v1/records/11245_3_33996/manifest/,Open Access,"Invaluable for urban history and Jewish studies. The Rosenthaliana collection is one of the world's most important Jewish libraries, documenting centuries of intellectual and cultural life.",,,,
American Philosophical Society,https://diglib.amphilsoc.org/,,0,IIIF,,,Open Access,,,,,
Art Gallery of Ontario (AGO),https://ago.ca/,,0,IIIF,,,Open Access,,,,,
"Chicago, University of",https://www.lib.uchicago.edu/collex/?digital=on&view=collections,,0,IIIF,,,Open Access,,,,https://academictech.uchicago.edu/teaching-tools/,
Cleveland Museum of Art,https://www.clevelandart.org/art/collection/search,,0,IIIF,,,Open Access,,,,,
Cornell University,https://digital.library.cornell.edu/catalog/ss:34207883,,0,IIIF,Note: no iiif,,Open Access,,,,https://teaching.cornell.edu/learning-technologies,
Dartmouth University,https://www.library.dartmouth.edu/digital/digital-collections,,0,IIIF,Note: really hard to figure out,,Open Access,,,,https://sites.dartmouth.edu/ldi/about-us/who-we-are/,
e-codices - Virtual Manuscript Library of Switzerland,https://www.e-codices.unifr.ch/en,,0,IIIF,,,Open Access,,,,,
Europeana,https://www.europeana.eu/en,,0,IIIF,,,Open Access,,,,,
Georgetown University,https://library.georgetown.edu/digitalgeorgetown,,0,IIIF,Note: only in UV,,Open Access,,,,https://cndls.georgetown.edu/about/people/,
"Georgia, University of",https://www.libs.uga.edu/scl/exhibits/digital,,0,IIIF,,,Open Access,,,,https://ctl.uga.edu/learning-technologies/learning-glass/,
"Kentucky, University of",https://exploreuk.uky.edu/,,0,IIIF,,,Open Access,,,,,
McGill University,https://www.mcgill.ca/library/find/digitization/digitalimagecollections,,0,IIIF,,,Open Access,,,"-73.5783235, 45.5060184",,
"National Gallery of Art (Washington, D.C.)",https://www.nga.gov/artworks,,1,IIIF,Image API only,,Open Access,,,,,
National Library of Estonia,,,0,IIIF,,,Open Access,,,,,
Nelson-Atkins Museum of Art,https://art.nelson-atkins.org/objects/,,0,IIIF,,,Open Access,,,,,
New York University (NYU),https://specialcollections.library.nyu.edu/search/,,0,IIIF,Image API only,,Open Access,,,,,
Rijksmuseum (Netherlands),https://www.rijksmuseum.nl/en/collection,,0,IIIF,Image API only,,Open Access,,,,,
Smithsonian Library,https:/library.si.edu/collections,,0,IIIF,,,Open Access,,,,,
Smithsonian National Air and Space Museum,https://airandspace.si.edu/edan/search/browse_object_groups,,0,IIIF,,,Open Access,,,"-77.0198679, 38.8881601",,
"Tennessee, University of",https://digital.lib.utk.edu/collections/,,0,IIIF,Note: only for some items - mixed bag,,Open Access,,,"-83.9294564, 35.9544013",,
The Frick Collection,https://digitalcollections.frick.org,,0,IIIF,,,Open Access,,,,,
The Revolutrionary City,https://therevolutionarycity.org,,0,IIIF,,,Open Access,,,,,
Universiteit Gent - Campus Dunant,https://lib.ugent.be/en/catalog/access:zoomable?sort=old-to-new,,0,IIIF,,,Open Access,,,"3.7036509, 51.0489744",,
University of Basel (DaSCH),,,0,IIIF,,,Open Access,,,,,
University of Chicago,,,0,IIIF,,,Open Access,,,,,
Wellcome Collection (UK),,,0,IIIF,,,Open Access,,,,,
