Name,URL,Manifest,Logo,CORS_enabled,ImageAPI,Level,IIIF_logo,Tags,Tags-Thematic,Notes,,Pedagogy,Geospatial Data (Lat/Long),Academic Tech / Library Link
American Philosophical Society,https://diglib.amphilsoc.org/,,no logo,,2,2,0,"Scientific-history, manuscripts, indigenous-languages, anthropology-fieldnotes, correspondence, maps, revolutionary-era, journals, archives, photographs",,Image manifests only,,,,
Amherst College,https://acdc.amherst.edu/view/asc,https://acdc.amherst.edu//do/62342c85-fb4e-409c-8905-ad941fc90531/metadata/iiifmanifest3cws/default.jsonld,no logo,1,,2,1,"Digitized historical manuscripts, books, audio, videos, photographs, and institutional records.","Amherst,Wordsworth,Edward Hitchcock,Orra White Hitchcock,Emily Dickinson,Henry J. Van Lennep,Jeffery Amherst,John D. Coles,Justin Perkins,Karl Loewenstein,Katrin Janecke Gibney,John F. Kennedy,manuscripts,Nelson Family Juvenilia,Nobi Earthquake,Great Kanto Earthquake,Sidney Brooks,U.S. Army Ambulance Service,Walt Whitman",,,"A gold mine for literary scholarship. Students can analyze the Emily Dickinson Collection to study her original manuscripts, focusing on her unique punctuation and the physical ""scraps"" of her poetic process.","-72.5170028, 42.3709104",https://www.aws.amherst.edu/offices/it/academic-technology-services
Art Institute of Chicago,https://www.artic.edu/collection,https://api.artic.edu/api/v1/artworks/28560/manifest.json,https://raw.githubusercontent.com/Art-Institute-of-Chicago/template/main/aic-logo.gif,1,2,2,1,"Paintings, sculptures, prints, drawings, textiles, photography, architectural-drawings, antiquities, modern-art, decorative-arts","Impressionism, Modernism, Architecture, Global, Design",,,"Exceptional for curatorial practice. Students can use the ""Open Access"" imagery to create their own digital galleries while studying the provenance and conservation of famous works.",,https://www.saic.edu/crit
"Art Institute of Chicago, The",https://www.artic.edu/collection,https://api.artic.edu/api/v1/artworks/21023/manifest.json,https://raw.githubusercontent.com/Art-Institute-of-Chicago/template/main/aic-logo.gif,1,2,2,1,"Paintings, sculptures, prints, drawings, textiles, photography, architectural-drawings, antiquities, modern-art, decorative-arts","Impressionism, Modernism, Architecture, Global, Design","Comment: no icon, but excellent",,"Ideal for curatorial practice. Using their Open Access collection, students can build digital portfolios or exhibitions while researching the provenance and technical data of world-renowned masterpieces.","-87.6223504, 41.8796031",
Austrian National Library,https://onb.digital/,https://api.onb.ac.at/iiif/presentation/v3/manifest/104D67CB,https://api.onb.ac.at/logo.png,1,3,2,0,"Books, newspapers, manuscripts, maps, posters, photographs, musical-scores, papyri, portraits, graphics","Habsburg, Maps, Papyrus, Music, Portraits",Manifest available in Mirador,,A primary source for European imperial history. Students can analyze the digitized papyrus collection (one of the world's largest) to study daily life in ancient Egypt.,,
Bavarian state library,https://www.digitale-sammlungen.de/en/,https://api.digitale-sammlungen.de/iiif/presentation/v2/bsb11803970/manifest,https://api.digitale-sammlungen.de/iiif/images/bsb_logo.png,1,2,2,0,"Manuscripts, incunabula, rare-books, maps, newspapers, music, portraits, local-history, bavarica, scans","Germanic, Manuscripts, Maps, Incunabula, Music",Note: in Mirador,,"Essential for medieval and early modern European history. Their ""MDZ"" (Munich Digitization Center) offers a massive corpus for students to study the development of the printing press and the spread of Humanism in Central Europe.","11.5803217, 48.147493",
Baylor University,https://digitalcollections-baylor.quartexcollections.com/,https://iiif.quartexcollections.com/digitalcollections-baylor/iiif/7c12a210-e8ff-40ec-9e57-2c8eb31885dc/manifest,https://iiif.quartexcollections.com/digitalcollections-baylor/iiif/logo,1,2,2,1,"Gospel, correspondence, newspapers, audio, sheet-music, manuscripts, diaries, photographs, transcripts, archives.","Victorian Literature, Women Poets, Robert Browning, Elizabeth Barrett Browning, Florence Nightingale, Sheet Music, Hymnals, Baptist History, Church-State Studies, Sermons, Preaching, Texas Baptist History, Texas Politics, Congressional Records, JFK Assassination, Iraq War, Political Campaigns, Baylor University History, Student Life, Collegiate Athletics, University Publications, Black Gospel Music, Black Church History, African American Archives, Waco Local History, Civil War, Texas Newspapers, Historical Maps, Military History, Photography Archives, Religious Liberty, Keston Institute, Independence Texas",Note: Icon goes to wrong place,,"Invaluable for ethnomusicology and Southern history. The ""Black Gospel Music Restoration Project"" provides students with rare audio and visual materials to trace the development and influence of 20th-century gospel music.","-97.11354, 31.5500848",https://library.web.baylor.edu/learningtechnologies
Belvedere Museum (Österreichische Galerie Belvedere),https://digitale-bibliothek.belvedere.at,https://digitale-bibliothek.belvedere.at/viewer/api/v1/records/1522834555158/manifest/,https://goobi.io/wp-content/uploads/2016/08/logo_goobi_small_xxs.png,1,2,2,0,"Paintings, sculptures, prints, art-history, austrian-art, photographs, monographs, exhibition-catalogs, archives, documentation","Klimt, Biedermeier, Secession, Baroque, Austrian",Note: only with Detekt,,"The Belvedere Digital Library is a premier resource for studying Viennese Modernism. Students can analyze digitized exhibition catalogs from the Hagenbund and Secession to understand how ""Art around 1900"" was curated and received in its original historical context.",,
Bibliothèque Nationale de France,https://gallica.bnf.fr/accueil/fr/html/accueil-fr,https://gallica.bnf.fr/iiif/ark:/12148/btv1b113340236/manifest.json,https://gallica.bnf.fr/mbImage/logos/logo-bnf.png,1,1.1,2,1,"Books, newspapers, magazines, manuscripts, maps, prints, photographs, music, videos, artifacts.","literature, history, science, philosophy, law, economics, politics, art, music, geography, cartography, medicine, religion, and sociology",,,"Essential for French language and history. Its vast digital library, Gallica, allows students to explore the evolution of French thought from medieval manuscripts to the satirical newspapers of the 19th century.","2.3389067, 48.8672227",
Biblissima,https://iiif.biblissima.fr/collections/,https://cdm21059.contentdm.oclc.org/iiif/2/cataloghi:5045/manifest.json,no logo,0,2,1,1,"Manuscripts, incunabula, illuminations, rare-books, archives, bindings, maps, miniatures, prints, texts.","Medieval, Renaissance, Manuscripts, Europe, Interoperability",Note: an assembly of many repositories. All IIIF links use ?iiif-content=,,Perfect for teaching paleography and manuscript studies. Its IIIF integration allows students to compare fragmented texts side-by-side to reconstruct historical codices.,"2.3862252, 48.8201942",
Black Hills State University,https://explore.digitalsd.org/digital/custom/bhsu,https://explore.digitalsd.org/iiif/2/Lakota:15/manifest.json,no logo,0,2,1,1,"Photographs, manuscripts, history, archives, documents, regional, university, forestry, maps, artifacts","Dakota, Frontier, Education, Indigenous, Regional",,,Great for regional history projects. Students can analyze the evolution of the American West through local photographs and records of the Black Hills region.,"-103.8722763, 44.4993591",
Bodleian Library,https://digital.bodleian.ox.ac.uk/,iiif.bodleian.ox.ac.uk/iiif/manifest/f7cde601-f439-4cc5-9d30-0a1cc2729a44.json,"https://iiif.bodleian.ox.ac.uk/iiif/image/f27e28db-0b08-4f16-9bdf-3565f591fb71/full/256,/0/default.jpg",1,2,1,1,"Manuscripts, rare-books, archives, maps, music, prints, ephemera, bindings, coins, artworks","Global, Rare, Literature, Antiquity, Scholarly",Note: bw logo somewhat obscured,,Ideal for primary source analysis across centuries. Use it to show the transition from papyrus to print or to study rare literary first editions.,"-1.254042, 51.754073",
Brigham Young University,https://lib.byu.edu/collections/digital/,https://contentdm.lib.byu.edu/iiif/2/FrenchPolPa:15348/manifest.json,no logo,1,2,1,1,"Mormon-history, western-americana, photographs, manuscripts, university-records, diaries, maps, oral-histories, folklore, newspapers","Mormonism, Western-Expansion, Folklore, Genealogy, Military",Note: logo broken,,Key for religious and frontier history. The Victorian Short Fiction collection offers a unique resource for students studying literature and gender in the 19th century.,"-111.6493156, 40.2518435",https://ctl.byu.edu/media-technology
"British Columbia, University of",https://open.library.ubc.ca,https://iiif.library.ubc.ca/presentation/cdm.artefacts.1-0109070/manifest,no logo,0,2,2,1,"Theses, maps, regional-history, photographs, publications, newspapers, archival-records, research-data, manuscripts, correspondence","Indigenous, Pacific-Northwest, Forestry, Japanese-Canadian, Archives",Note: logo displayed but not functional,,"Powerful for social justice and environmental history. The UBC Open Collections offer primary accounts of the Japanese-Canadian internment, serving as a critical case study for civil rights and ethics.",,https://lthub.ubc.ca/
"British Library,The",https://www.bl.uk/research/digitised-manuscripts/,https://bl.digirati.io/manifests/ark:/81055/man_10000006.0x000001,no logo,,,,0,"Manuscripts, illumination, charter-records, codices, papyri, classical-texts, maps, music-scores, ancient-writings, bindings","Global, Magna-Carta, Literature, Philology, Music",Note: only with Detekt,,"The ""gold standard"" for textual criticism. Students can compare the handwriting of major authors or examine the Magna Carta to understand the origins of constitutional law.","-0.1276759, 51.5299717",
Brown University,https://repository.library.brown.edu/studio/collections/library/,https://repository.library.brown.edu/iiif/presentation/bdr:232193/manifest.json,no logo,1,2,2,1,"Manuscripts, sheet-music, institutional-research, regional-history, books, political-posters, broadsides, prints, datasets, archives","Slavery, Americana, Theater, Rhode-Island, Music",Note: excellent support but no logo,,"Essential for Atlantic history. The ""John Carter Brown Library"" and ""Slavery and Justice"" collections allow students to investigate the transatlantic slave trade and its enduring legacies.","-71.4025482, 41.8267718","https://library.brown.edu/create/cds/ , https://dld.brown.edu/"
Cal State University Library,https://archives.calstate.edu/,https://archives.calstate.edu/concern/archives/g445cx98q/manifest,https://iiif.quartexcollections.com/ucsc/iiif/logo,1,2,2,1,"University-history, administration-records, photographs, governance, publications, faculty-papers, student-life, system-records, documentation, compliance","California, Labor, Japanese-American, Agriculture, Archive",Note: only in UV,,"A key tool for social and ethnic studies. The ""Japanese American Digitization Project"" provides specific primary sources for students to investigate the impacts of Executive Order 9066 across multiple California communities.","-118.1674526, 34.0674401",
"California State University, Chico",http://archives.csuchico.edu/,http://archives.csuchico.edu/iiif/2/coll19:9/manifest.json,no logo,0,2,2,0,"Regional-history, agriculture, photography, university-archives, maps, environmental-history, yearbooks, documentation, interviews, local","Northeastern-California, Agriculture, Pioneers, Local, Environment",Note: only via Detekt,,"Best for environmental history. Students can use the archives to track land-use changes, water management, and the growth of agricultural hubs in Northern California.","-121.8478871, 39.7296653",
"California, University of (Berkeley)",https://www.lib.berkeley.edu/find/digital-collections,digicoll.lib.berkeley.edu/nanna/proxy/iiif/manifest/313074/,no logo,1,2,1,1,"Manuscripts, photographs, posters, newspapers, maps, audio, videos, books, archives, histories.","Activism, Anthropology, Pacific, California, Diverse",,,Excellent for courses on social movements. The Free Speech Movement and Black Panther archives provide raw material for studying 20th-century political rhetoric.,"-122.2594606, 37.870151",
"California, University of (Los Angeles)",https://digital.library.ucla.edu/,https://iiif.library.ucla.edu/ark%3A%2F21198%2Fzz0002hmt0/manifest,no logo,1,2,2,1,"Manuscripts, photographs, audio, oral-histories, newspapers, books, maps, archives, ephemera, correspondence","Media, Los Angeles, Ethnomusicology, International, Archive",Comment: Excellent,,Strong for cultural studies and musicology. Students can explore global sound recordings or the urban development of Southern California.,"-118.4438495, 34.0699182",
"California, University of (Santa Cruz)",https://digitalcollections.library.ucsc.edu/,https://iiif.quartexcollections.com/ucsc/iiif/ca470b7e-5bbc-4bdd-9be0-49a932b6cc9f/manifest,no logo,1,2,2,1,"Photographs, archives, audio, oral-histories, manuscripts, books, regional, media, correspondence, documentation","Photography, Grateful-Dead, Counterculture, Environment, Local",Note: logo goes to iiif.io,,Best for cultural history and archival theory. The Grateful Dead Archive serves as a unique case study for fan culture and community-driven documentation.,"-122.0584354, 36.9905322",https://tlc.ucsc.edu/about/who-we-are/
Cambridge University,https://cudl.lib.cam.ac.uk/,https://cudl.lib.cam.ac.uk//iiif/MS-ADD-00863-00002,http://cudl.lib.cam.ac.uk/themeui/theme/images/logo.svg,1,2,1,1,"Manuscripts, rare-books, science, archives, maps, correspondence, incunabula, bindings, fragments, histories","Science, Religion, Newton, Darwin, Islamic",Comment: Excellent,,"The ""gold standard"" for the history of science. Students can trace the thought processes of Newton or Darwin by examining their original, annotated notebooks.","0.1077233, 52.2051088",
"Cape Town, University of",https://ibali.uct.ac.za/s/ibali/page/welcome,,no logo,,,,1,"African-history, oral-histories, photographs, manuscripts, political-activism, language-studies, architecture, mapping, community-records, documentation","African, Apartheid, Anthropology, Music, Oral-History",Note: logo in UV. link availabkle but labeled 'image',,Vital for social justice and political science. Students can engage with oral histories and archives from the anti-apartheid movement to study systemic change and memory.,"18.4611991, -33.957652",
Carnegie Mellon,https://digitalcollections.library.cmu.edu/,http://iiif.library.cmu.edu/manifest/GPC_0000000001/manifest.json,http://iiif.library.cmu.edu/file/CMU_DIGITAL_COLLECTIONS/cmu_logo.png,1,2,2,0,"Computing-history, institutional-archives, artificial-intelligence, photographs, research, papers, drama, manuscripts, documentation, history","Robotics, Computing, Architecture, Drama, Science",Manifest available in Mirador,,"Perfect for the history of technology. Students can explore the ""Herbert A. Simon Collection"" to understand the foundations of Artificial Intelligence and cognitive science.",,https://www.cmu.edu/teaching/technology/
Center For Research Libraries,https://digitalcollections.crl.edu/,https://digitalcollections.crl.edu/nanna/proxy/iiif/manifest/35969/,no logo,1,,2,1,"Newspapers, serials, government-documents, archives, pamphlets, histories, dissertations, microform, records, periodicals","Newspapers, International, Law, Dissertations, Global",,,Essential for comparative politics and journalism history. The vast collection of international newspapers allows students to see how global events were reported in real-time.,"-87.5935751, 41.784498",
"Chicago, University of",https://www.lib.uchicago.edu/collex/?digital=on&view=collections,,no logo,,,,0,"Manuscripts, rare-books, local-history, maps, jazz-archives, philological-texts, ephemera, astronomy-notebooks, records, documentation",,"in Luna, image manifests only",,,,https://academictech.uchicago.edu/teaching-tools/
"Claremont Colleges,The",https://ccdl.claremont.edu/,https://cdm15831.contentdm.oclc.org/iiif/2/p15831coll17:7692/manifest.json,no logo,0,2,1,1,"Photographs, manuscripts, rare-books, local-history, botanical-illustrations, regional-planning, correspondence, newspapers, documentation, academic-works","Water, California, Antiquity, Botany, Photography",Comment: excellent,,"Excellent for sustainability studies. The ""Western Water Archives"" allow students to research the historical legal and social battles over water rights in the arid West.","-117.71304, 34.0776",
Colorado College,https://digitalcc.coloradocollege.edu/,https://digitalcc.coloradocollege.edu/nanna/proxy/iiif/manifest/5698/,no logo,1,2,2,1,"Theses, photographs, university-records, manuscripts, journals, audio, history, regional, books, artifacts","Rockies, Geology, Botany, Southwest, Thesis",Note: same as crl above,,Useful for environmental studies and undergraduate research. It highlights the intersection of natural history and local western heritage through student-led scholarship.,"-104.82542, 38.84919",
Columbia University,https://library.columbia.edu/libraries/rbml/digitalcollections.html,,http://cdn.cul.columbia.edu/ldpd-toolkit/img/crown-bts-24x24.png,1,2,0,0,"Manuscripts, rare-books, oral-histories, photographs, correspondence, architectural-drawings, archives, media, literature, blueprints","Journalism, Human-Rights, New-York, Rare-Books, Literature","Manifest available in Mirador, does not use Image API",,"Superior for journalism and political science. The ""Pulitzer Prize"" archives and human rights collections allow students to analyze how investigative reporting has influenced public policy throughout the 20th century.","-73.9625727, 40.8075355",
Cornell University,https://digital.library.cornell.edu/catalog/ss:34207883,,no logo,,,,0,"Witchcraft-history, photography, maps, labor-relations, agriculture, ornithology-data, manuscripts, rare-books, architectural-drawings, archives",,Note: no iiif,,,,https://teaching.cornell.edu/learning-technologies
Dartmouth University,https://www.library.dartmouth.edu/digital/digital-collections,https://collections.dartmouth.edu/archive/iiif/ocm13732278/ocm13732278-mods.json,no logo,1,,,0,"Polar-exploration, regional-history, university-archives, manuscripts, maps, oral-histories, photography, shaker-history, correspondence, documentation",,,,,,https://sites.dartmouth.edu/ldi/about-us/who-we-are/
Digital Library of South Dakota,https://explore.digitalsd.org/digital/custom/dsu,https://explore.digitalsd.org/iiif/2/mundt:647/manifest.json,no logo,0,2,1,0,"Photographs, university-records, yearbooks, newspapers, history, documents, athletics, archives, memorabilia, local","Dakota, Rural, Education, History, Local",,,Excellent for microhistory assignments. Students can use the Smith-Zimmermann collection to study the specific social fabric of early Plains settlements and rural Midwestern life.,"-97.1103618, 44.0126125",
Drexel University,https://drexel.alma.exlibrisgroup.com/discovery/collectionDiscovery?vid=01DRXU_INST:01DRXU,https://drexel.alma.exlibrisgroup.com/view/iiif/presentation/01DRXU_INST/12542074220004721/manifest?iiifVersion=3&updateStatistics=false,https://drexel.alma.exlibrisgroup.com/infra/branding/logo/logo-main.png?institutionCode=01DRXU_INST,1,2,2,0,"Theses, faculty-publications, fashion-design, university-history, records, photography, archives, monographs, datasets, technical-reports","Fashion, Philadelphia, Engineering, Nursing, Industry",Manifest available in Mirador,,"Strong for historical material culture. The ""Robert and Penny Fox Historic Costume Collection"" offers students a high-resolution look at the construction and social significance of clothing from the 18th century to the present.",,https://www.lebow.drexel.edu/about/support-services/instructional-technology
Duke University,https://repository.duke.edu/dc,https://repository.duke.edu/iiif/81170c76-b454-46dd-a6b0-681b928ed6c3/manifest,https://repository.duke.edu/logos/devil_white_shadow.png,1,2,2,1,"Photographs, manuscripts, advertising, music, archives, history, correspondence, documents, media, regional","Advertising, Medicine, Civil-Rights, Music, Americana",Comment: Very good,,"A premier resource for media studies and marketing history. The ""Ad*Access"" collection allows students to analyze how consumer culture and gender roles evolved through 20th-century print ads.","-78.9382286, 36.0014258",https://learninginnovation.duke.edu/
Durham University,https://discover.durham.ac.uk/discovery/search?vid=44DUR_INST:VU1,https://iiif.durham.ac.uk/manifests/trifle/32150/t1/mj/96/t1mj96021434/manifest,https://iiif.durham.ac.uk/images/logos/duruni_logo.png,1,2,1,1,"Manuscripts, rare-books, archives, maps, local-history, theological, correspondence, records, prints, charters","British, Theology, Archaeology, Northeast-England, Medieval","Note: says you can drag icon, but drag doesn't work",,"Highly effective for religious studies and clerical history. Students can examine the ""Durham Priory Library"" to understand how monastic communities curated and preserved knowledge in the Middle Ages.","-1.5782029, 54.7649859",
e-codices - Virtual Manuscript Library of Switzerland,https://www.e-codices.unifr.ch/en,,https://www.e-codices.ch/img/logo-for-iiif-manifest.png,1,2,2,0,"Medieval-manuscripts, codices, illumination, incunabula, early-modern, fragments, scriptoria, monastic-libraries, theology, glossaries",,,,,,
e-rara,https://www.e-rara.ch/,,https://www.e-rara.ch/domainresource/static/graphics/connectors/eraraIco.gif,1,2,2,0,"Rare-books, prints, maps, incunabula, scientific-treatises, theology, historical-geography, illustrations, early-modern, publications","Swiss, Printing, Science, Cartography, Rare-Books",,,"A niche resource for the history of science and typography. The e-rara platform provides digitized rare books from Swiss libraries, allowing students to study early botanical illustrations and mathematical treatises.",,
East Carolina University,https://digital.lib.ecu.edu/,,no logo,,,,0,"North-carolina, maritime-history, military-history, photographs, oral-histories, maps, manuscripts, university-records, local, documentation","Maritime, Pirate, North-Carolina, Military, Medicine",Manifest available in Mirador,,"The premier resource for maritime history. Students can use the ""North Carolina Digital Collections"" to study Atlantic trade, naval warfare, and the actual archaeological records of the Queen Anne’s Revenge.","-77.3665364, 35.6068806",
Eastern Kentucky University,https://digitalcollections.eku.edu/collections/browse?sort_field=Dublin+Core%2CTitle,https://digitalcollections.eku.edu/iiif/86133/manifest,no logo,1,2,2,0,"Appalachian-history, university-archives, photographs, oral-histories, genealogy, manuscripts, correspondence, local-records, regional, media","Appalachia, Oral-History, Rural, Education, Kentucky",Note: only in UV,,"Vital for folk studies and sociology. The ""Appalachian Oral Histories"" allow students to hear firsthand accounts of the cultural and economic shifts in the coal-mining regions of the South.","-84.2987483, 37.7359731",
"Edinburgh, University of",https://collections.ed.ac.uk/,https://images.is.ed.ac.uk/luna/servlet/iiif/m/UoEart~1~1~5132~100011/manifest,https://images.is.ed.ac.uk/luna/images/LUNAIIIF80.png,1,2,1,1,"Artworks, instruments, manuscripts, rare-books, archives, photographs, geology, anatomy, history, objects","Scottish, Medicine, Enlightenment, Art, Architecture",Comment: CORS issues,,"Ideal for the history of medicine. With access to anatomical drawings and early medical theses, students can trace the development of surgical practices and scientific inquiry during the Enlightenment.",,
Emory University,https://digital.library.emory.edu/,https://curate.library.emory.edu/iiif//95269p8g99-cor/manifest,no logo,1,2,2,0,"African-american-history, manuscripts, photographs, poetry, theological-texts, print-culture, literature, maps, archives, history","African-American, Slavery, Poetry, Theology, Atlanta",Note: only in UV,,"Invaluable for literary and racial studies. The ""Trans-Atlantic Slave Trade Database"" and the papers of major Black poets (like Alice Walker) provide a rigorous foundation for studying the African Diaspora.","-84.3252791, 33.7973735",https://canvas-support.emory.edu/
Europeana,https://www.europeana.eu/en,,no logo,,,,0,"Artworks, photographs, fashion, manuscripts, archives, music, videos, 3d-models, cultural-heritage, newspapers",,,,,,
Folger Shakespeare Library,https://digitalcollections.folger.edu/,https://digitalcollections.folger.edu/node/203579/manifest,no logo,1,2,2,1,"Manuscripts, rare-books, theatrical-ephemera, promptbooks, playbills, prints, costumes, letters, early-modern, art","Shakespeare, Theater, Early-Modern, Recipes, Literature",Note: no logo. LInk + link in Mirador,,"The best resource for Early Modern English literature. Students can use digitized ""prompt books"" to see how Shakespeare’s plays were actually staged over the last 400 years.","-77.0027563, 38.8892957",
Fordham University,https://www.library.fordham.edu/digital/,https://cdm17265.contentdm.oclc.org/iiif/2/DUTCHMAPS:20/manifest.json,no logo,0,2,1,1,"Archives, manuscripts, photographs, university-history, periodicals, monographs, records, media, correspondence, local","Catholic, New-York, Medieval, Jesuit, Urban",Note: logo displayed but not functional - hard to find,,"Strong for urban sociology and theological history. Students can explore the ""Fordham Industrial Schools"" records or Bronx-specific history to study the intersection of faith-based institutions and urban development.",,https://www.fordham.edu/information-technology/it-services/academic-technology/
"Frick Collection,The",https://digitalcollections.frick.org,,no logo,,,,0,"Art-history, photoarchive, exhibition-catalogs, auction-catalogs, artist-monographs, architectural-drawings, provenance-records, drawings, prints, documentation",,,,,,
Georgetown University,https://library.georgetown.edu/digitalgeorgetown,,no logo,,,,0,"Theses, jesuit-history, diplomacy-archives, records, manuscripts, scholarly-publications, university-history, photographs, maps, audio",,Note: only in UV,,,,https://cndls.georgetown.edu/about/people/
Georgia State University,https://digitalcollections.library.gsu.edu,https://cdm16905.contentdm.oclc.org/iiif/2/eastern:88535/manifest.json,no logo,0,2,1,1,"Oral-histories, photographs, labor-records, university-archives, activism, newspapers, documentation, media, correspondence, local-history","Labor, Civil-Rights, Atlanta, Nursing, Radio",,,"Vital for labor history. The ""Southern Labor Archives"" provide students with primary evidence of union organizing and workforce dynamics in the American South.","-84.3852819, 33.753068",https://cetloe.gsu.edu/teaching-technology/
"Georgia, Digital LIbrary Of",https://dlg.usg.edu/collections,https://cdm17222.contentdm.oclc.org/iiif/2/Maddox:30/manifest.json,no logo,0,2,1,1,"Newspapers, photographs, manuscripts, maps, government-records, oral-histories, regional, books, archives, documentation","Southeastern, Slavery, Newspapers, Legislative, Cartography",Note: icon links to Mirador,,A powerhouse for Southern history. Students can use digitized historical newspapers and maps to conduct deep-dives into the legislative and social impacts of the Reconstruction era.,,
"Georgia, University of",https://www.libs.uga.edu/scl/exhibits/digital,,no logo,,,,0,"Georgia-history, performing-arts, maps, rare-books, manuscripts, photography, confederate-imprints, costumes, typography, archives",,,,,,https://ctl.uga.edu/learning-technologies/learning-glass/
"Getty, The",https://www.getty.edu/art/collection/,https://media.getty.edu/iiif/manifest/62a1c3f5-2f70-4c1b-b6fc-890bd75e1d1b,https://www.getty.edu/global/images/getty_logo_primary_blk.png,1,2,2,0,"Antiquities, paintings, sculptures, drawings, manuscripts, photographs, decorative-arts, illumination, masterworks, prints","Art-History, Provenance, Photography, Conservation, Antiquities",Note: only with Detekt,,"Premier for museum studies. The Getty Research Institute allows students to track the ""life"" of an object through provenance records, showing how art is acquired and valued.","-118.4732648, 34.0773438",
Ghent University (Belgium),https://libcatalog.ugent.be,,no logo,,,,0,"Manuscripts, academic-publications, rare-books, data, thesis-repository, archives, maps, architectural-drawings, prints, records","Flemish, Enlightenment, Science, Manuscripts, Book-History",Exceedingly difficult to find IIIF-enabled resources in library catalog,,"Exceptional for Western European history. Students can use the Library Catalog to explore the ""book as object,"" analyzing early modern printing and the transition of scientific thought in the Low Countries.",,
"Göttingen, University of",https://www.sub.uni-goettingen.de/en/digital-library/digital-resources/,https://manifests.sub.uni-goettingen.de/iiif/presentation/PPN167287931_0017/manifest?version=7a696723,https://gdz.sub.uni-goettingen.de/images/sub-blue.svg,1,2,1,1,"Manuscripts, incunabula, rare-books, maps, prints, archives, scholarly-publications, data, maps, histories","German, Enlightenment, Scientific, Botany, Global",Note: bw icon,,"Exceptional for global history of science. The ""Göttingen Digitalization Centre"" allows students to track the ""Republic of Letters"" and the spread of scientific data through early modern Europe.","9.9375952, 51.5414946",
Hamilton College,https://litsdigital.hamilton.edu/collections/hamilton-college-library-digital-collections,https://litsdigital.hamilton.edu/do/896e2bfd-e1e5-459d-9456-4b70ee03da52/metadata/iiifmanifest3collection/Baron%20Friedrich%20von%20Steuben%20collection_manifest.jsonld,no logo,,,,1,"Photographs, university-history, manuscripts, letters, artifacts, books, local-history, textiles, recordings, documentation","Shakers, Abolition, Central-New-York, Jazz, Rare",Note: icon copies link,,"Perfect for American religious history. The Shaker collection provides a unique look at communal living, allowing students to analyze the material culture and social structures of utopian societies.",,https://www.hamilton.edu/offices/lits/research-instructional-design/digital-project-design
Harvard Art Museums,https://harvardartmuseums.org/collections,https://iiif.harvardartmuseums.org/manifests/object/202559,"https://nrs.harvard.edu/urn-3:HUAM:logo2/full/!800,800/0/default.jpg",1,2,2,1,"Paintings, sculptures, photographs, prints, drawings, antiquities, coins, decorative-arts, drawings, artifacts","Bauhaus, Technical, Fine-Art, Conservation, Global",Comment: Excellent,,"Essential for art history and design. The Bauhaus archive offers a comprehensive look at the world’s most influential design school, useful for students studying modernist aesthetics and pedagogy.","-71.1143582, 42.3740898",
Harvard University,https://curiosity.lib.harvard.edu/,https://iiif.lib.harvard.edu/manifests/ids:435127545,https://nrs.harvard.edu/URN-3:HUL:HARVARDSHIELD,1,2,2,1,"Manuscripts, pamphlets, photographs, maps, field-notes, legal-documents, archives, cultural-heritage, correspondence, broadsides","Global, Medicine, Colonialism, Law, Diversity",Note: logo displayed but not functional. separate link to copy manifest link,,"Excellent for thematic digital exhibits. The ""Contagion"" or ""Women Working"" collections provide curated sets for students to build arguments about public health and labor history.","-71.1182488, 42.3744368",
"Hawaii, University of (Manoa)",https://digital.library.manoa.hawaii.edu,https://digital.library.manoa.hawaii.edu/iiif/29882/manifest,no logo,1,2,2,0,"Hawaiian-heritage, pacific-studies, photographs, manuscripts, maps, languages, oral-histories, books, regional, documentation","Pacific, Indigenous, Anthropology, Maps, Hawaii",Note: only in UV,,"Essential for Pacific Island studies. Students can analyze the ""Hawaiian Historical Newspapers"" to understand the transition from the Hawaiian Kingdom to US statehood from a local perspective.","-157.8148228, 21.299824",
Heidelberg University Library,https://www.ub.uni-heidelberg.de/en/open-access,https://digi.ub.uni-heidelberg.de/diglit/iiif3/fohmann1821/manifest,https://www.ub.uni-heidelberg.de/nav4/grafik/layout/ub_logo2.gif,1,2,2,0,"Academic-journals, dissertations, research-data, institutional-repository, monographs, textbooks, serials, metadata, open-science, preprints","Medieval, Art-History, German, Literature, Medicine",Note: very hard to find,,"Famous for the ""Codex Manesse,"" it is a premier resource for Middle High German studies and the study of medieval courtly culture through illumination.",,
Hoover Institution,https://digitalcollections2.hoover.org/,https://digitalcollections2.hoover.org/iiif/manifest/11736,no logo,0,,,1,"Archives, manuscripts, posters, photographs, correspondence, government-documents, pamphlets, diaries, reports, history","War, Revolution, Diplomacy, Politics, Propaganda",,,A top-tier resource for international relations. Students can analyze 20th-century propaganda posters or personal papers to study the Cold War and global political upheavals.,"-122.1663503, 37.4272462",
"Huntington Library, Art Museum, and Botanical Gardens,The",https://hdl.huntington.org/,https://hdl.huntington.org//iiif/info/p16003coll21/6399/manifest.json,no logo,0,2,1,1,"Manuscripts, rare-books, photographs, cartography, prints, drawings, architectural-drawings, western-americana, literature, history","Renaissance, Manuscripts, Maps, British, American-West",Comment: excellent,,A premier source for early modern history. Students can use high-resolution scans of the Ellesmere Chaucer or Civil War telegrams to practice primary source transcription.,"-118.1145242, 34.1290452",
"Illinois, University of (Urbana-Champaign)",https://metadata.library.illinois.edu/collections?fq%5B%5D=system_keyword_service_key:dls,https://digital.library.illinois.edu/items/6faa8ec0-1f6a-013c-489c-02d0d7bfd6e4-6/manifest,https://digital.library.illinois.edu/assets/Illinois-Logo-Reversed-Orange-RGB-100-4dc138603db54952c91732afd189efd828ba543796a2ab0f9a81afcf2b308b27.png,1,2,2,1,"Maps, photographs, manuscripts, books, university-records, local-history, scientific-data, postcards, posters, archives","Agriculture, Literature, Engineering, Folklore, Library-Science",Note: hard to find - sometimes forbdden!,,Great for literary research. The Motley Collection of Theatre Design allows students to visualize the staging and costuming of classic plays as they were originally performed.,"-88.2271615, 40.1019523",https://citl.illinois.edu/
Indiana University,https://digitalcollections.iu.edu/,https://digitalcollections.iu.edu/concern/paged_resources/hh63vh69x/manifest,no logo,1,2,2,0,"Folklore, music-scores, manuscripts, photographs, regional-history, books, scientific-data, film-ephemera, archives, maps","Folklore, Ethnomusicology, Cartography, Biology, Film",Note: only in UV,,"A ""gold mine"" for cultural anthropology. Students can access global sound recordings and oral traditions to study how music and stories preserve cultural identity over generations.","-86.5230073, 39.1682449",https://citl.indiana.edu
Internet Archive,https://archive.org,,no logo,,,,0,"Books, websites, software, video, audio, television, images, concerts, textbooks, microform","Multimedia, Web-History, Ephemera, Global, Accessibility",no visible IIIF link. Converter needed to generate manifest,,"A massive resource for digital literacy. Students can use the ""Wayback Machine"" to study how public information and corporate messaging have changed over the decades on the live web.",,
Johns Hopkins University,https://dlmm.library.jhu.edu,https://jdm.library.jhu.edu/iiif-pres-dlmm/rose/Add42133/manifest,no logo,,,,0,"Medieval-manuscripts, romance-of-the-rose, illumination, codices, transcription, poetry, text-analysis, literature, philology, glosses","Medieval, French, Romance, Manuscripts, Literature",Note: only with Detekt,,"Specialized for medieval literature. The Digital Library of Medieval Manuscripts provides high-resolution access to the ""Roman de la Rose,"" perfect for studying courtly love and medieval allegory.","-76.6205177, 39.3299013",https://ctei.jhu.edu/
"Kentucky, University of",https://exploreuk.uky.edu/,,no logo,,,,0,"Oral-histories, photographs, state-records, coal-mining, university-archives, manuscripts, letters, diaries, regional-history, maps",,,,,,
KU Leuven (Belgium),https://kuleuven.limo.libis.be/,,no logo,,,,0,"Manuscripts, rare-books, academic-research, archives, theses, religious-history, maps, prints, incunabula, records","Theology, Philosophy, Erasmus, Medieval, Manuscripts",Exceedingly difficult to find IIIF-enabled resources in library catalog,,A primary source for Humanism and religious studies. Students can investigate the LIMO portal to study the works of Erasmus and the intellectual heritage of one of Europe's oldest universities.,,
Kyoto University,https://rmda.kulib.kyoto-u.ac.jp/en,https://rmda.kulib.kyoto-u.ac.jp/iiif/metadata_manifest/RB00007683/manifest.json,https://rmda.kulib.kyoto-u.ac.jp/sites/default/files/2018-04/license_free.jpg,1,3,2,1,"Manuscripts, rare-books, scrolls, maps, classical-literature, illustrations, archives, historical-records, blockprints, rubbings","Japanese, Rare-Books, Buddhist, Medical, Asian",Comment: good,,Invaluable for East Asian studies. Students can examine rare Edo-period manuscripts and Japanese woodblock prints to study pre-modern artistic and scientific traditions.,"135.7808218, 35.0262444",
Lafayette College,https://ldr.lafayette.edu/,https://ldr.lafayette.edu/concern/images/t148fh96k/manifest,no logo,1,2,2,0,"Theses, faculty-publications, university-history, photographs, manuscripts, data, student-journals, records, governance, curriculum","Marquis-de-Lafayette, Abolition, Art, Campus, Engineering",,,Strong for Revolutionary War history. Students can analyze the personal papers of the Marquis de Lafayette to study international diplomacy and the abolitionist movement.,,
Lancaster University,https://digitalcollections.lancaster.ac.uk/collections/,https://digitalcollections.lancaster.ac.uk/iiif/PC-EP-00055,https://digitalcollections.lancaster.ac.uk/themeui/theme/images/lu-logo.svg,1,2,1,1,"Manuscripts, correspondence, regional-history, university-archives, rare-books, photographs, records, maps, publications, research","Ruskin, Regional, Literary, Quaker, British",Comment: excellent,,"Excellent for Victorian studies. The John Ruskin collection enables students to study the intersection of art criticism, social reform, and environmentalism in 19th-century Britain.","-2.7877294, 54.0103942",
Laurentian Medici Library,https://iiif.biblissima.fr/collections/search?collection=Teca%20digitale%20-%20Biblioteca%20Medicea%20Laurenziana,https://cdm21059.contentdm.oclc.org/iiif/2/cataloghi:3209/manifest.json,no logo,0,2,1,1,"Manuscripts, illumination, papyri, codices, classical-texts, renaissance-humanism, bindings, archives, rare-books, miniatures","Renaissance, Humanism, Medici, Florentine, Classic",Note: ?iiif-content= Comment: good,,The ultimate source for Renaissance humanism. Students can view the personal libraries of the Medici family to understand the intellectual foundations of the modern Western world.,"11.2538362, 43.7746737",
"Leeds, University of",https://digital.library.leeds.ac.uk/,https://iiif.library.leeds.ac.uk/presentation/cc/dx92wdmb,https://resources.library.leeds.ac.uk/logo/black.png,1,2,2,1,"Manuscripts, rare-books, archives, poetry, textiles, local-history, correspondence, illustrations, notebooks, maps","Textiles, Romany, Cookery, Manuscripts, Yorkshire",Note: icon links to iiif.io,,Excellent for material culture studies. Students can analyze the International Textile Collection to study global trade and industrial history through fabric patterns and production records.,"-1.5550328, 53.8066815",
Lehigh University,https://preserve.lehigh.edu/,https://preserve.lehigh.edu/node/305703/manifest,no logo,,,,0,"Theses, faculty-research, university-archives, photographs, engineering-reports, historical-texts, journals, patents, publications, records","Bridges, Railroads, Engineering, Industrial, Local",Manifest available in Mirador,,"Best for the history of civil engineering. Students can research the ""Bethlehem Steel"" records to understand the infrastructure that built 20th-century America.",,https://lts.lehigh.edu/citl
Library of Congress (USA),https://www.loc.gov/research-centers/main/collections/digital-collections/,https://www.loc.gov/item/74182181/manifest.json,https://loc.gov/static/images/logo-loc-new-branding.svg,1,2,2,0,"Manuscripts, photographs, maps, audio, films, newspapers, legislation, prints, books, americana","Encyclopedia, American, Photography, Music, Law",Manifest available in Mirador,,"The ultimate general-purpose teaching tool. Students can use the ""Chronicling America"" newspapers to see how local towns reacted to global events like the World Wars or the Great Depression.",,
Loyola Marymount University,https://digitalcollections.lmu.edu/,https://iiif.quartexcollections.com/lmudigitalcollections/iiif/318c36fd-9f6f-48ec-87e4-3c2ee43b9131/manifest,https://iiif.quartexcollections.com/lmudigitalcollections/iiif/logo,1,2,2,1,"Photographs, university-history, postcards, rare-books, scripts, correspondence, records, local, regional, media","Catholic, Los-Angeles, Jesuit, Theater, Postcards",Note: icon links to iiif.io,,Useful for urban history and religious studies. The postcard collection provides a visual timeline of Southern California’s development and the evolution of its built environment.,"-118.4188984, 33.9691953",https://its.lmu.edu/whoweare/staff/teachinglearningandresearchtechnology/
M Leuven,https://www.mleuven.be/en,https://mleuven.resourcespace.com/iiif/3ccd4c1c-8a77-42a0-975b-f33383ab4496/manifest,no logo,1,2,1,0,"Paintings, sculptures, medieval-art, contemporary-art, prints, metalwork, textiles, masterworks, glass, craft","Flemish, Sculpture, Medieval, Contemporary, Belgium",Manifest available in Mirador,,Excellent for art history and conservation. Students can study late-Gothic sculpture and the evolution of religious art in the Low Countries through detailed object records.,"4.7045671, 50.8789497",
"Maryland, University of",https://digital.lib.umd.edu/,,no logo,,,,0,"State-history, broadcasting-archives, university-history, photographs, postcards, maps, oral-histories, labor-history, legislation, documentation","Broadcasting, Japan, Cold-War, Journalism, Local",Note: only in Detekt,,Essential for media studies. The Gordon W. Prange Collection offers students a rare look at Japanese publishing under Allied occupation (1945–1952).,"-76.9425543, 38.9869183",
McGill University,https://www.mcgill.ca/library/find/digitization/digitalimagecollections,,no logo,,,,0,"Architectural-drawings, prints, maps, fashion-plates, rare-books, botany-illustrations, culinary-history, manuscripts, trade-cards, photographs",,,,,"-73.5783235, 45.5060184",
"Metropolitan Museum of Art,The",https://www.metmuseum.org/art/libraries-and-research-centers/watson-digital-collections,https://libmma.contentdm.oclc.org/iiif/2/p15324coll6:1592/manifest.json,no logo,0,2,1,1,"Art-catalogues, rare-books, trade-cards, fashion-plates, sketchbooks, periodicals, design-resources, art-history, auction-records, documentation","Fashion, Catalogues, Design, Ephemera, Auction",Comment: excellent,,Essential for fashion history and museum studies. Students can trace the history of taste and the art market through digitized rare auction catalogs and exhibition ephemera.,"-73.963244, 40.7794366",
Miami University,https://www.lib.miamioh.edu/digital-collections/,https://digital.lib.miamioh.edu/iiif/2/postcards:121806/manifest.json,no logo,0,2,1,1,"Manuscripts, newspapers, local-history, trade-cards, photographs, sheet-music, maps, folklore, archives, textbooks","Freedom-Summer, Cartography, Textbooks, Regional, Archive",,,A cornerstone for teaching the Civil Rights Movement. The Freedom Summer digital collection allows students to engage with primary documents from the 1964 voter registration drive.,"-84.7344915, 39.5087485",https://miamioh.edu/ehs/about/facilities/engaging-technology-lab.html
"Miami, University of",https://digitalcollections.library.miami.edu/digital/,https://digitalcollections.library.miami.edu/iiif/2/kis0001:4252/manifest.json,no logo,0,2,1,1,"Photographs, local-history, cuban-heritage, architectural-drawings, theater, oral-histories, manuscripts, postcards, environment, archives","Cuban, Florida, Caribbean, Pan-Am, Architecture",Note: iiif icon not functional,,"A top resource for Latin American and Caribbean studies. The ""Cuban Heritage Collection"" allows students to study exile culture and 20th-century Cuban history.","-80.2781262, 25.7173947",https://academictechnologies.it.miami.edu/index.html
Michigan State University,https://d.lib.msu.edu/msul,https://d.lib.msu.edu/rad/3/manifest,no logo,,,,1,"Cookbooks, veterinary-medicine, comics, manuscripts, pop-culture, photographs, posters, audio, periodicals, histories","Africana,Agriculture,American Radicalism,Applied and Life Sciences,Arts and Humanities,Comic Art,Cookbooks,Fables,Feeding America Project website,Fencing,History and Social Sciences,Interviews with Michigan Supreme Court Justices,Janet A. Ginsburg Chicago Tribune Collection,Law,Little Cookbooks,Michigan Farm News,MSU History,MSU Libraries Publications,Orchids,Osteopathy,School Gardens Collection,Shaping the Values of Youth,State news,Sunday School Books,The Grange Visitor,Turfgrass,Veterinary Medicine",,,"Unique for popular culture studies. The massive comic book and cookbook collections allow students to track shifting social norms and gender roles through ""low-brow"" historical media.","-84.4790827, 42.7250725",https://teachingcenter.msu.edu/
"Michigan, University of",https://quod.lib.umich.edu/lib/colllist/,https://quod.lib.umich.edu/cgi/i/image/api/manifest/sclalco:16,no logo,1,2,1,1,"Papyri, rare-books, manuscripts, historical-texts, photographs, art-images, field-notes, middle-english, catalogs, database","Papyri, Medical, Philippines, Poetry, Medieval",,,"Exceptional for digital philology. The ""Early English Books Online"" (EEBO) collaboration allows students to search and analyze the text of almost every book printed in English before 1700.","-83.7382071, 42.277145",
Milutin Bojić Library,https://zavicajna.digitalna.rs/en/jsp/RcWebBrowseCollections.jsp,https://zavicajna.digitalna.rs/en/iiif/api/presentation/3/93ddb28c-ed48-412f-aaf1-da9ed369276b%252F10000001%252F00000001%252F00002073/manifest,https://zavicajna.digitalna.rs/en/iiiflogo/logo.png,1,,2,0,"Regional-history, newspapers, periodicals, photographs, monographs, local-culture, heritage, archives, literature, records",,,,,,
Minnesota Digital Library,https://mndigital.org/,https://cdm16022.contentdm.oclc.org/iiif/pch:486/manifest.json,no logo,0,2,1,0,"State-history, photographs, maps, diaries, letters, postcards, local-records, indigenous-heritage, artifacts, atlases","Minnesota, Native-American, Wilderness, Immigration, Industry",Note: only in UV,,"A model for state-wide historical research. Students can use the ""Minnesota Reflections"" tool to see how diverse immigrant groups and Indigenous peoples shaped the Northern Midwest.","-93.2434917, 44.9709073",
Mmmonk,https://www.mmmonk.be/en/manuscripts,https://sharedcanvas.be/IIIF/manifests/B_GS_MS089-054,no logo,1,2,1,1,"Medieval-manuscripts, monastic-libraries, illumination, codices, theology, charters, bookbindings, fragments, history, texts","Monastic, Medieval, Flanders, Manuscripts, IIIF","Note: collaborative project between Bruges Public Library, Ghent University Library, Major Seminary Ten Duinen in Bruges and Ghent Diocese Comment: excellent",,Ideal for digital humanities and book history. Students can use the IIIF platform to virtually reunite dispersed medieval libraries from Flemish abbeys for comparative analysis.,"3.2230443, 51.2097981",
"Montreal, University of",https://calypso.bib.umontreal.ca/,https://cdm22028.contentdm.oclc.org/iiif/2/_guerre:1254/manifest.json,no logo,0,2,1,0,"Theses, academic-journals, rare-books, photographs, manuscripts, quebec-history, research-data, institutional-archives, documentation, literature","Francophone, Quebec, Music, Literature, Cartography",Manifest available in Mirador,,"Essential for French-Canadian studies. Students can analyze the ""Papiers d'État"" or Quebec-specific musical scores to study the cultural autonomy and history of French North America.","-73.6137592, 45.5056156",
National Library of Medicine,https://collections.nlm.nih.gov/,https://collections.nlm.nih.gov/iiif/nlm:nlmuid-31810760RX1-mvpart/manifest,no logo,1,2,1,0,"Medical-history, manuscripts, books, health-films, public-health, anatomy, periodicals, clinical-records, illustrations, pharmacopeias","Medical, Public-Health, Anatomy, War, Science",Note: only in UV,,The definitive source for the history of medicine. Students can analyze 19th-century surgical manuals or public health posters from the 1918 flu pandemic to see how medical communication has evolved.,"-77.0988323, 38.9959508",
National Library of Norway,https://www.nb.no/search,https://api.nb.no/catalog/v1/iiif/1c07dcdff5f79c08a4ae2d34131e9720/manifest,no logo,1,2,1,1,"Books, newspapers, photographs, maps, manuscripts, radio-broadcasts, periodicals, music, posters, archives","Nordic, Polar, Music, Genealogy, Maps","Note: NOT WORKING Comment: WOULD BE EXCELLENT, BUT NOT WORKING",,Perfect for Arctic studies and linguistics. Students can explore polar exploration diaries or the evolution of the Norwegian language through a massive corpus of digitized books.,"10.7173052, 59.9143327",
National Library of Portugal,https://iiif.biblissima.fr/collections/search?collection=Biblioteca%20Nacional%20de%20Portugal%20-%20Biblioteca%20Nacional%20Digital,https://permalinkbnd.bnportugal.gov.pt/iiif/3750/manifest,no logo,1,,,1,"Manuscripts, rare-books, cartography, prints, music, periodicals, incunabula, portraits, history, literature","Lusophone, Exploration, Cartography, Literature, Atlantic",,,Essential for colonial history. The maps and manuscripts offer a deep look into Portuguese maritime exploration and the historical connections across the Atlantic world.,"-9.1526399, 38.7511102",
Natural HIstory Museum of UK,https://data.nhm.ac.uk/dataset/collection-specimens/resource/05ff2255-c38a-40c9-b657-4ccb55ab2feb/record/4659958,https://data.nhm.ac.uk/iiif/resource/bb909597-dedf-427d-8c04-4c02b3a24db3/record/1264540,no logo,,,,1,"Specimens, taxonomy, fossils, insects, minerals, botany, zoology, data, metadata, research","Specimen, Botany, Darwin, Evolution, Biodiversity",Comment: excellent,,"Vital for biological sciences. Students can access high-resolution data on type specimens to study taxonomy, extinction, and the historical impact of climate change.",,
Norman B. Leventhal Map & Education Center,https://www.leventhalmap.org/,https://collections.leventhalmap.org/search/commonwealth:3f463198b/manifest,no logo,1,2,2,1,"Maps, atlases, cartography, geography, history, photographs, prints, urban-planning, documentation, regional","Cartography, Boston, Geography, Data, GIS",Comment: Excellent,,"Superior for geospatial literacy. Its ""Georeferencer"" tool lets students overlay historical maps onto modern satellite imagery to visualize urban change over centuries.","-71.0781568, 42.3492841",
North Carolina State University,https://www.lib.ncsu.edu/digital-collections,https://d.lib.ncsu.edu/collections/catalog/ua100_014-005-bx0026-016-000-001/manifest?manifest=https://d.lib.ncsu.edu/collections/catalog/ua100_014-005-bx0026-016-000-001/manifest,https://d.lib.ncsu.edu/collections/assets/ncsu-libraries-white-logo-placement-fa371d02703e250a7573c9ff7efda2be0f0ab068729c9d69c4fed1c532dda73b.jpg,1,2,2,0,"Architecture, veterinary-medicine, university-history, textiles, agricultural-history, photographs, blueprints, engineering, data, manuscripts","Agriculture, Veterinary, Architecture, Textiles, Engineering",Note: only in UV,,"Strong for STEM and design history. Students can explore the ""Modernist Architecture"" collection to see how mid-century design principles were applied to the American South.","-78.6812824, 35.7850744",https://www.lib.ncsu.edu/do/digital-scholarship
"North Carolina, University of",https://dcr.lib.unc.edu/,https://dcr.lib.unc.edu/services/api/iiif/v3/813551b4-111b-43e9-8790-e3f2303f142e/manifest,no logo,0,,2,0,"Dissertations, faculty-publications, open-access, research-data, datasets, scholarly-journals, reports, whitepapers, monographs, preprints","Southern, Slavery, Literature, Photography, Politics",Note: only in Clover,,"Famous for ""Documenting the American South,"" it is the best site for teaching narrative history. Students can read ""North American Slave Narratives"" to gain personal insights into the lived experiences of enslaved people.","-79.0469134, 35.9049122",
North Dakota State University,https://library.ndsu.edu/ndsuarchives/collections/digital-collections,https://digitalhorizonsonline.org//iiif/info/ndsu-bolley/259/manifest.json,no logo,1,2,1,1,"Pioneer-history, agriculture, photographs, regional-records, flat-earth, manuscripts, local-letters, community-histories, maps, architecture","Prairie, Agriculture, Frontier, Pioneers, Red-River",Manifest available in Mirador,,"Key for agricultural history. Students can use the ""Institute for Regional Studies"" to analyze how irrigation and mechanized farming transformed the Great Plains.","-96.8024367, 46.8977528",
"North Texas, University of",https://digital.library.unt.edu/,https://digital.library.unt.edu/ark:/67531/metadc2441587/manifest/,https://digital.library.unt.edu/digital/media/assets/public/images/dl/iiif/logo.png,1,2,2,1,"Government-documents, newspapers, theses, photographs, local-history, technical-reports, audio, cartography, school-history, legislation","Texas, Government, Newspapers, Music, Posters",Note: only via Detekt,,"A leader in government documents. The ""Portal to Texas History"" is a model for how students can use local newspapers and state records to write comprehensive regional histories.","-97.1525862, 33.207488",
Northern State University (Digital Library of South Dakota),https://explore.digitalsd.org/digital/custom/nsu,https://cdm17102.contentdm.oclc.org/iiif/2/sdng:1223/manifest.json,no logo,0,,,0,"Photographs, university-history, athletics, student-publications, yearbooks, records, local, regional, documentation, archives","Dakota, Education, Music, Rural, Regional",,,"Great for institutional history. Students can analyze the ""South Dakota Music Education"" archives to see how arts curriculum and rural schooling have evolved since the frontier era.","-98.4829326, 45.4510068",
Northwestern University,https://dc.library.northwestern.edu/,https://api.dc.library.northwestern.edu/api/v2/works/c3be68fc-3e6e-4e26-9eec-92f8244760a3?as=iiif,https://iiif.dc.library.northwestern.edu/iiif/2/00000000-0000-0000-0000-000000000003/full/pct:50/0/default.webp,1,2,2,1,"Photographs, poster-art, oral-histories, manuscripts, maps, music, journals, archives, regional-studies, media","Africana, Photography, Paris, Music, Posters",,,"Powerful for African studies. The Humphrey Winterton Collection provides thousands of photographs documenting colonial-era Africa, useful for analyzing the ""imperial gaze.""","-87.675267, 42.0564594",https://digitallearning.northwestern.edu/
"Notre Dame, University of",https://marble.nd.edu/,https://iiif-manifest.library.nd.edu/manifest/1996.070.024.b,https://sniteartmuseum.nd.edu/stylesheets/images/snite_logo@2x.png,0,2,2,0,"Rare-books, manuscripts, fine-art, catholic-history, sculpture, medieval-texts, prints, drawings, archives, global-heritage","Catholic, Dante, Medieval, Art, Religion",Manifest available in Mirador,,"A premier site for theological and literary studies. The ""Dante Collection"" allows students to track the visual and textual evolution of the Divine Comedy through centuries of editions.","-86.2351655, 41.7051917",https://studios.nd.edu/services/teaching-and-learning-technologies/
"Ohio State University,The",https://library.osu.edu/dc,https://library.osu.edu/dc/concern/generic_works/rf55zp66x/manifest,no logo,1,2,2,0,"Cartoons, manuscripts, university-archives, photographs, polar-exploration, theater, rare-books, records, documentation, media","Comics, Byrd-Polar, Japanese-Art, Theatre, Archives",Note: only in UV,,A top-tier resource for visual literacy. The Billy Ireland Cartoon Library allows students to analyze editorial cartoons as primary sources for political and social history.,"-83.0282624, 40.0060889",
Ohio University,https://www.ohio.edu/library/collections/digital-archives,https://cdm15808.contentdm.oclc.org/iiif/p15808coll4:3583/manifest.json,no logo,0,2,1,1,"Manuscripts, university-records, photographs, yearbooks, local-history, journalism, correspondence, media, documentation, archives","Appalachia, Southeast-Asia, Journalism, Campus, Mining",Comment: Very good,,Strong for Appalachian studies. Students can research the coal mining industry and labor history of Southeastern Ohio through oral histories and local records.,"-82.1013889, 39.324358",
Oklahoma Department of Libraries,https://digitalprairieok.net/,https://digitalprairie.ok.gov/iiif/2/p16807coll1:122701/manifest.json,no logo,0,2,1,1,"State-records, documents, history, photographs, legislation, postcards, archives, maps, biographies, chronicles","Prairie, Indigenous, Government, Land-Run, Statehood",Comment: Very Good,,"Key for Native American history. The ""Digital Prairie"" collections allow students to investigate the legal and social history of land allotment and tribal sovereignty.","-97.507904, 35.4877052",
Osher Map Library,https://oshermaps.org/,https://cdn1.historyit.com/iiif/5f34291499c4a6.60628694-104076/manifest?canvas_mode=assets,no logo,,,,0,"Maps, atlases, globes, cartography, sheet-maps, discovery-history, educational-materials, prints, books, travelogues",,,,,,
Oxford University,https://www.bodleian.ox.ac.uk/collections-and-resources/special-collections/digital-collections,https://iiif.bodleian.ox.ac.uk/iiif/manifest/61a7fc9a-a7bd-4a71-a787-f9864b3ee889.json,"https://iiif.bodleian.ox.ac.uk/iiif/image/f27e28db-0b08-4f16-9bdf-3565f591fb71/full/256,/0/default.jpg",1,2,1,1,"Manuscripts, rare-books, archives, ephemera, maps, music, coins, incunabula, bindings, artworks","Global, Rare, Literature, Antiquity, Scholarly",Note: a little hidden but pretty good,,(Note: Same as Bodleian above) Ideal for high-level research skills. Students can track the transmission of texts from ancient fragments to the Gutenberg Bible.,,
PALNI,https://palni.contentdm.oclc.org/digital/,https://palni.contentdm.oclc.org/iiif/2/saddle:417/manifest.json,no logo,,,,0,"Church-history, university-archives, local-history, photographs, student-publications, manuscript-letters, records, regional, memorabilia, books","Indiana, Religious, Liberal-Arts, Consortium, Regional",Note: only with Detekt,,Effective for institutional comparison. Students can examine how different private Midwestern colleges preserved their local heritage and religious affiliations over time.,"-86.1726021, 39.8399145",
Pennsylvania State University,https://digital.libraries.psu.edu/,,no logo,,,,0,"Agricultural-history, labor-archives, maps, sports-history, university-records, photographs, steel-industry, illustrations, documentation, manuscripts","Labor, Steel, Agriculture, Pennsylvania, Comics",Note: image API only in Detekt,,Powerful for economic history. The Steelworkers Archive allows students to investigate the rise and decline of American manufacturing through the lens of individual workers.,,https://tlt.psu.edu/
"Pennsylvania, University of",https://colenda.library.upenn.edu,https://colenda.library.upenn.edu/items/ark:/81431/p3dj59h0k/manifest,no logo,1,2,2,1,"Medieval-manuscripts, rare-books, data, codices, illumination, cultural-heritage, chemistry-history, prints, archives, texts","Medieval, South-Asia, Magic, Medicine, Judaica",Note: unique link style,,"Fascinating for the history of ideas. The ""Manuscripts of the Muslim World"" and the history of magic collections allow students to explore non-Western intellectual traditions.","39.95240759, -75.19349954",
Pepperdine University,https://pepperdine.quartexcollections.com/,https://iiif.quartexcollections.com/pepperdine/iiif/148aec8a-5680-4731-9243-a0c53b56b7c9/manifest,https://iiif.quartexcollections.com/pepperdine/iiif/logo,1,2,2,1,"University-history, photographs, church-history, surfing-heritage, yearbooks, newspapers, manuscripts, local, audios, correspondence","Malibu, Religious-History, Photography, Asian, Surf",Note: icon links to iiif.io,,Interesting for coastal and environmental history. The local photographic collections can be used to study the development and environmental transformation of the California coast.,"-118.709596, 34.0415037",
"Portland, University of",https://digital.up.edu,https://iiif.quartexcollections.com/portland/iiif/e44c6a41-4447-45fd-b1a4-04c7025690ef/manifest,https://iiif.quartexcollections.com/portland/iiif/logo,1,2,2,1,"Theses, student-publications, university-history, athletics, photographs, yearbooks, newspapers, faculty-research, recordings, records","Catholic, Oregon, Nursing, Sports, Local",Note: icon links to iiif.io,,"Useful for institutional and health history. Students can explore the ""Nursing and Health"" collections to see the evolution of clinical practice and education in the Pacific Northwest.","-122.7275712, 45.5732046",
Princeton Art Museum,https://artmuseum.princeton.edu/,https://data.artmuseum.princeton.edu/iiif/objects/142271,"https://media.artmuseum.princeton.edu/iiif/3/collection/puam_logo/full/!200,200/0/default.jpg",1,2,2,0,"Paintings, sculptures, prints, drawings, antiquities, asian-art, photography, modern-art, global-art, cultural-objects","Global, Manuscripts, Photography, Latin-American, Papyri",Manifest available in Mirador,,"Ideal for cross-cultural comparative history. Students can use the ""Digital Princeton University Library"" to compare Egyptian papyri with Mesoamerican codices to study early civilizations.","-74.6575176, 40.346882",
Princeton University,https://dpul.princeton.edu/,https://figgy.princeton.edu/concern/scanned_resources/a6ce4915-1bed-4116-a2cf-6bcfe49e0b07/manifest,https://figgy.princeton.edu/pul_logo_icon.png,1,2,2,0,"Manuscripts, rare-books, papyri, maps, posters, sheet-music, photographs, coins, global-history, archives","Papyri, Latin-American, Manuscripts, Ephemera, Politics",Note: only in UV,,Best for primary source analysis of the Global South. The Princeton Digital University Library contains unique Latin American ephemeral collections—pamphlets and posters—that help students understand grassroots political movements.,"-74.6550739, 40.3430942",
Purdue University,https://earchives.lib.purdue.edu/digital,https://earchives.lib.purdue.edu//iiif/info/earhart/578/manifest.json,no logo,0,2,1,1,"Aviation, engineering, university-history, photographs, manuscripts, technical-reports, scrapbooks, artifacts, letters, documentation","Flight, Astronauts, Engineering, Agriculture, Amelia-Earhart",Comment: Very good,,The premier resource for aerospace history. Students can study Amelia Earhart’s personal papers or flight logs to analyze early 20th-century aviation and gender.,"-86.9211946, 40.4237054",
Qatar Digital Library,https://www.qdl.qa/en,https://www.qdl.qa/en/iiif/81055/vdc_100038378586.0x000285/manifest,no logo,1,1,2,0,"Manuscripts, archives, maps, correspondence, gulf-history, islamic-science, records, sound-recordings, maritime, diaries","Gulf, Islamic, Science, British-India, Manuscripts",,,Essential for Middle Eastern studies. This portal offers students high-resolution access to archival records of the Gulf region and digitized Islamic manuscripts on mathematics and medicine.,,
Repository of the Jewish Community of Thessaloniki,https://repository.jct.gr/en,,no logo,,,,0,"Holocaust-history, community-records, correspondence, manuscripts, photographs, period-publications, institutional-archives, artifacts, genealogies, ladino-texts",,,,,,
"Revolutrionary City, The",https://therevolutionarycity.org,,no logo,,,,0,"Manuscripts, letters, diaries, broadsides, early-american-history, government-records, newspapers, commercial-ledgers, political-pamphlets, maps",,,,,,
Rice University,https://digitalcollections.rice.edu/,https://iiif.quartexcollections.com/rice/iiif/f369b10f-865e-494e-8c2b-99a554447ecf/manifest,https://iiif.quartexcollections.com/rice/iiif/logo,1,2,2,1,"Architectural-drawings, university-history, photographs, manuscripts, archives, space-science, interviews, regional, publications, correspondence","Texas, Houston, Space-Race, Architecture, Slavery",,,"Excellent for urban planning and civil rights history. The ""Slave Voyages"" data and ""Houston History"" archives allow for deep quantitative and qualitative research.","-95.4035531, 29.7168363",
Samford University,https://digitalcollections.samford.edu,https://iiif.quartexcollections.com/samford/iiif/cf79e67c-59f7-4eaf-917e-56e4abcffdf8/manifest,https://iiif.quartexcollections.com/samford/iiif/logo,1,2,2,1,"Religious-history, genealogy, local-history, photographs, university-records, maps, manuscripts, newspapers, archives, church-records","Baptist, Alabama, Genealogy, Religious, South",,,Specialized for Southern religious history. Students can use church records to study the role of faith communities in Alabama’s social and political development.,"-86.7913423, 33.4649218",
"San Francisco, University of",https://digitalcollections.usfca.edu/,https://digitalcollections.usfca.edu//iiif/info/p15129coll10/387/manifest.json,no logo,0,2,1,1,"Jesuit-history, university-archives, photographs, rare-books, local, oral-histories, publications, manuscripts, iconography, media","Jesuit, San-Francisco, Social-Justice, Mission, Urban",Comment: Very good,,"Strong for human rights studies. The ""Adolph Giesl-Gieslingen"" collection or local activist archives allow students to study global and local movements for justice.","-122.4507187, 37.7765643",
"Scotland, National Library of",https://digital.nls.uk/gallery/,https://view.nls.uk/manifest/7703/77031962/manifest.json,no logo,1,2,2,1,"Maps, broadsides, manuscripts, rare-books, military-history, theater, photography, literature, archives, regional-studies","Gaelic, Cartography, Enlightenment, Military, Broadside",Comment: Very Good,,"A ""must-use"" for historical mapping. Their map viewer is one of the world's best for teaching students how to read landscape changes and military fortifications.","-3.1919722, 55.9485782",
SFO Museum,https://collection.sfomuseum.org/,https://collection.sfomuseum.org/objects/1511906713/manifest/,no logo,1,2,0,0,"Aviation-history, commercial-flight, photographs, uniforms, aircraft-models, luggage-tags, postcards, airline-ephemera, posters, safety-cards",Aviation,,,,,
Smart Museum of Art,https://smartcollection.uchicago.edu/collections,https://smartcollection.uchicago.edu/apis/iiif/presentation/v2/1-objects-32070/manifest,no logo,1,,,1,"Paintings, sculptures, prints, drawings, modern-art, antiquities, photographs, contemporary-art, ceramics, textiles","Modernism, Chicago, Asian, Contemporary, Design","Comment: Would be excellent, but not working",,"Great for curatorial studies. Students can use the digital collection to practice building virtual exhibitions based on the ""Chicago Imagists"" or modern Asian art.","-87.6001981, 41.7935717",
Smithsonian Institution,https://www.si.edu/collections,https://ids.si.edu/ids/manifest/SAAM-1985.66.285_1,https://ids.si.edu/SI_Sunburst_40px.jpg,0,2,2,1,"Artifacts, specimens, artwork, historical-objects, photographs, archives, scientific-data, fossils, textiles, design","Encyclopedia, American, Natural-History, Technology, Culture",Comment: Very good / excellent,,"The ultimate interdisciplinary resource. Use the ""Learning Lab"" feature to have students curate their own collections across science, art, and history.",,
Smithsonian Library,https:/library.si.edu/collections,,no logo,,,,0,"Rare-books, trade-catalogs, natural-history-illustrations, manuscripts, institutional-records, science-history, artist-books, seed-catalogs, photography, field-books",,,,,,
Smithsonian National Air and Space Museum,https://airandspace.si.edu/edan/search/browse_object_groups,,no logo,,,,0,"Aircraft, spacecraft, space-suits, flight-gear, medals, stamps, models, instruments, photography, memorabilia",,,,,"-77.0198679, 38.8881601",
Smithsonian National Museum of American History,https://americanhistory.si.edu/collections/,https://ids.si.edu/ids/manifest/NMAH-DOR2012-3127,https://ids.si.edu/SI_Sunburst_40px.jpg,0,2,2,1,"Artifacts, americana, photographs, machinery, clothing, archives, advertising, numismatics, tools, instruments","Invention, Politics, Military, Domestic, Civil-Rights",Comment: Very good / excellent,,"Essential for social history. Students can analyze the ""object-ness"" of history by studying items ranging from the Star-Spangled Banner to civil rights lunch counters.","-77.0300509, 38.8912793",
Stanford University,https://searchworks.stanford.edu/?f[collection_type][]=Digital+Collection,https://purl.stanford.edu/cd981bc6705/iiif/manifest,"https://stacks.stanford.edu/image/iiif/wy534zh7137/SULAIR_rosette/full/400,/0/default.jpg",1,2,2,0,"Manuscripts, maps, data, books, multimedia, archives, photographs, tracking-data, sound-recordings, records","Silicon-Valley, Maps, Asian-American, Cartography, Technology",Manifest available in Mirador,,"Home to the ""David Rumsey Map Center,"" it is the gold standard for geospatial analysis. Students can use advanced viewing tools to ""overlay"" history onto modern landscapes.","-122.17006, 37.42766",
State Archives of North Carolina,https://digital.ncdcr.gov/,https://iiif.quartexcollections.com/ncdcr/iiif/f8d130ea-6bf5-4ef5-a143-7c0717a55f85/manifest,https://iiif.quartexcollections.com/ncdcr/iiif/logo,1,2,2,1,"State-records, government-documents, photographs, maps, histories, newspapers, laws, correspondence, yearbooks, archives","Colonial, Civil-War, Government, Photography, Southern",,,"Vital for legal history. Students can analyze original colonial charters, slave deeds, and legislative records to understand the formation of state government and law.","-78.63714, 35.7828545",
Statewide California Electronic Library Consortium,http://callimachus.org/,http://callimachus.org/iiif/2/p16061coll34:548/manifest.json,no logo,0,2,1,0,"State-history, photographs, indigenous-heritage, regional-records, pioneer-history, maps, documentation, letters, newspapers, archives","Consortium, California, Private-Institutions, Shared, Regional",Note: only in Detekt,,Useful for comparative institutional research. Students can see how diverse private colleges in California contributed to the state's cultural and intellectual history through a single portal.,"-120.3426672, 37.3405573",
Stony Brook University,https://exhibits.library.stonybrook.edu/s/digital-projects/page/welcome,https://exhibits.library.stonybrook.edu/iiif/3/645/manifest,no logo,1,,2,1,"University-history, regional-history, manuscripts, environmental-studies, maps, local-lore, documentation, photographs, archives, publications","Long-Island, Environment, Politics, Medicine, Activism",Comment: very strange manifest urls,,"Ideal for environmental history and regional studies. Students can analyze the ""Environmental Defense Fund"" archives to see how local activism shaped global conservation policy.","-73.1237618, 40.9041385",
"Tennessee, University of",https://digital.lib.utk.edu/collections/,,no logo,,,,0,"Appalachian-history, smoky-mountains, civil-war, university-history, photographs, oral-histories, manuscripts, maps, broadsides, sheet-music",,Note: only for some items - mixed bag,,,"-83.9294564, 35.9544013",
Texas A&M University,https://library.tamu.edu/research/digital_collections,https://api.library.tamu.edu/iiif-service/fedora/presentation/3b/6f/c3/25/3b6fc325-f6ca-41d8-b91e-8c5db3be8c13/charting-texas_objects/59,https://library.tamu.edu/assets/images/tamu-logos/TAM-PrimaryMarkB.png,0,2,0,0,"Military-history, agriculture, engineering, nautical-archaeology, theses, manuscripts, photographs, data, regional-history, documentation","Texas, Agriculture, Military, Nautical, Borderlands",Manifest available in Mirador,,"Excellent for maritime archaeology and frontier history. Students can explore the ""Shipwreck Database"" or the Colonial Mexico Collection to study the Spanish Empire's influence on North American development.","-96.3539706, 30.6060274",https://cte.tamu.edu/
"Toronto, University of",https://onesearch.library.utoronto.ca/digital-collections,https://iiif.library.utoronto.ca/presentation/v2/mdl:G6014_B9_12/manifest,https://static.scholarsportal.info/collectionsuoft/resources/utl-logo.png,1,2,2,0,"Manuscripts, rare-books, local-history, maps, anatomical-drawings, music, anatomical-plates, codices, archives, documentation","Insulin, Anatomy, Medieval, Canada, Rare-Books",Note: sometimes available in Mirador,,Vital for the history of medicine. Students can trace the development of life-saving discoveries through the Discovery and Early Development of Insulin archive.,"-79.3958273, 43.663487",https://teaching.utoronto.ca/
"TriCo (Bryn Mawr, Haverford, Swarthmore)",https://digitalcollections.tricolib.brynmawr.edu/,https://digitalcollections.tricolib.brynmawr.edu/node/484190/manifest-single,no logo,,,,0,"Quaker-history, women's-history, manuscripts, photographs, university-records, peace-movement, correspondence, books, local-history, archives","Quaker, Women, Social-Justice, Manuscripts, Peace",Note: available in Mirador,,"Ideal for gender studies and peace studies. The Quaker and Special Collections are perfect for researching pacifism, abolitionism, and the history of women's education in the U.S.","-75.32201, 39.9616083",
Trinity College Dublin,https://digitalcollections.tcd.ie/,https://digitalcollections.tcd.ie/concern/works/zw12zh508/manifest,no logo,,,,0,"Manuscripts, illumination, irish-history, rare-books, maps, photographs, drawings, letters, architectural-drawings, archives","Irish, Manuscripts, Kells, Literature, History",Note: sometimes available in UV Comment: CORS error,,Unrivaled for medieval studies. Students can engage with the Book of Kells and other illuminated manuscripts to study early Christian art and Irish monastic culture.,"-6.2545716, 53.3437935",
Universiteit Gent - Campus Dunant,https://lib.ugent.be/en/catalog/access:zoomable?sort=old-to-new,,no logo,,,,0,"Manuscripts, rare-books, architectural-drawings, incunabula, maps, prints, botanical-illustrations, bookbindings, historical-documents, posters",,,,,"3.7036509, 51.0489744",
Universiteit Leiden,https://digitalcollections.universiteitleiden.nl/,https://digitalcollections.universiteitleiden.nl/iiif_manifest/item%3A3753551/manifest,https://iiifviewer.universiteitleiden.nl/logo/,1,2,2,1,"Manuscripts, rare-books, maps, prints, archives, drawings, photographs, oriental-collections, correspondence, scholarly-publications","Colonial, Asian, Islamic, Maps, Scholarly",Note: only rare books collection,,Outstanding for post-colonial studies. Their vast collections on Southeast Asia and the Dutch East India Company (VOC) provide raw materials for analyzing colonial administration and resistance.,"4.4866564, 52.156569",
University of Amsterdam,https://uvaerfgoed.nl,https://uvaerfgoed.nl/viewer/api/v1/records/11245_3_33996/manifest/,no logo,,,,0,"Antiquities, cartography, book-history, performing-arts, manuscripts, prints, zoology-illustrations, archives, trade-cards, photography","Dutch, Maps, Jewish-History, Medicine, Amsterdam",Note: only with Detekt,,"Invaluable for urban history and Jewish studies. The Rosenthaliana collection is one of the world's most important Jewish libraries, documenting centuries of intellectual and cultural life.",,
"University of British Columbia, The",https://open.library.ubc.ca/,https://iiif.library.ubc.ca/presentation/cdm.chungtext.1-0354843/manifest,no logo,0,2,2,1,"Theses, maps, regional-history, photographs, publications, newspapers, archival-records, research-data, manuscripts, correspondence","Indigenous, Pacific-Northwest, Forestry, Japanese-Canadian, Archives",Note: hard to find but OK,,Vital for Indigenous studies and human rights. The Japanese-Canadian photograph collection is a powerful tool for teaching the history of internment and civil liberties.,"-123.2459939, 49.2606052",
"University of Manchester, The",https://www.digitalcollections.manchester.ac.uk/,https://www.digitalcollections.manchester.ac.uk/iiif/PR-INCU-18321,https://www.digitalcollections.manchester.ac.uk/mirador-ui/uom_logo.png,1,2,1,1,"Manuscripts, illumination, rare-books, maps, archives, cultural-heritage, bindings, classical-texts, visual-arts, fragments","Medical, Industrial, Science, Papyri, Hebraica",Comment: excellent,,"Great for the history of industry. As the world’s first industrial city, Manchester’s archives allow students to study the socio-economic impacts of the Industrial Revolution firsthand.","-2.2338837, 53.4668498",
University of Minnesota,https://umedia.lib.umn.edu/,,no logo,,,,0,"Photographs, poster-art, maps, architectural-drawings, oral-histories, local-history, university-records, manuscripts, audio, video",,,,,,
"University of the Arts London, Camberwell College of Arts",https://digitalcollections.arts.ac.uk,https://digitalcollections-api.arts.ac.uk/iiif/objects/koha:61230,no logo,1,2,2,0,"Design, fashion, textiles, artwork, posters, photography, zines, prints, graphics, performing-arts","Artists'-Books, Printmaking, Illustration, Archive, Visual",Manifest available in Mirador,,"Best for graphic design and book arts. The Digital Collections allow students to study the physical ""anatomy"" of artists' books and the evolution of print techniques.","-0.080359, 51.4742989",
van Hamel Foundation for Celtic Studies,https://codecs.vanhamel.nl/Home,,"https://iiif.llyfrgell.cymru/iiif/logo/full/400,/0/default.jpg",1,2,1,1,"Medieval-manuscripts, celtic-literature, philology, textual-variants, glossaries, stemmata, hagiography, laws, commentaries, chronicles","Celtic, Medieval, Irish, Philology, Manuscripts",Comment: very good,,A specialized niche for linguistics and Celtic studies. It functions as a collaborative database for students to track the transmission and metadata of medieval Irish and Welsh texts.,,
Vassar College,https://digitallibrary.vassar.edu/collections/other-collections/overview,https://digitallibrary.vassar.edu/node/11116/book-manifest,no logo,,,,0,"Women's-history, manuscripts, bookplates, samplers, correspondence, university-archives, rare-books, diaries, photographs, maps","Suffrage, Local-History, Women, Alumni, Manuscripts",Manifest available in Mirador,,Strong for political history. The Woman's Suffrage Collection provides foundational documents for studying the grassroots organizing and visual culture of the voting rights movement.,"-73.89571, 41.68682",
Vatican City,https://digi.vatlib.it/all/,https://digi.vatlib.it/iiif/MSS_Urb.lat.1/manifest.json,https://digi.vatlib.it/resource/img/i/DVL_logo.jpg,0,2,2,0,"Manuscripts, codices, incunabula, illumination, papyri, classical-texts, theology, humanism, prints, drawings","Papal, Renaissance, Greek, Latin, Classics",Manifest available in Mirador,,"A ""holy grail"" for classical philology and theology. Students can perform deep-dives into ancient Greek and Latin codices that have shaped Western thought for millennia.","12.453389, 41.902916",
Victoria and Albert Museum,https://www.vam.ac.uk/collections?type=featured,,"https://framemark.vam.ac.uk/logos/valogo_social_2021/full/200,200/0/default.jpg",1,2,2,1,"Design, textiles, fashion, ceramics, furniture, photography, metalwork, jewelry, sculpture, prints","Design, Textiles, Fashion, Performance, Craft",Note: very well hidden,,"The world's leading resource for art and design education. Students can trace the history of global manufacturing and aesthetic movements by studying the ""Search the Collections"" featured sets, which range from Victorian photography to contemporary streetwear.","-0.17218, 51.4966392",
"Victoria, University of",https://vault.library.uvic.ca/,,no logo,1,2,2,0,"Manuscripts, rare-books, literary-archives, military-history, photographs, blueprints, maps, regional, correspondence, recordings","Colonial, Transgender, Architecture, Anarchism, Archives",Note: only in UV,,"Unique for LGBTQ+ history. The Transgender Archives is one of the world's largest collections, allowing students to research early trans activism and identity formation.",,https://www.uvic.ca/learningandteaching/index.php
Villanova University,https://digital.library.villanova.edu/,https://digital.library.villanova.edu/Item/vudl:1168249/Manifest,no logo,1,2,1,0,"Irish-studies, catholic-history, manuscripts, rare-books, prints, postcards, university-archives, histories, text-corpora, documentation","Irish, Catholic, Theology, Americana, Philadelphia",Manifest available in Mirador,,Great for diaspora studies. The Irish Americana collection offers students a look at how immigrant communities built social and religious institutions in urban America.,"-75.3425785, 40.0368926",
"Wales, National Library of",https://www.library.wales/discover-learn/digital-exhibitions,https://iiif.llyfrgell.cymru/manifests/2.0/4388358/manifest.json,"https://iiif.llyfrgell.cymru/iiif/logo/full/400,/0/default.jpg",1,2,1,0,"Welsh-history, manuscripts, maps, photography, prints, genealogy, broadsides, archives, illustrations, literature","Welsh, Genealogy, Cartography, Photography, Celtic",Note: only in UV,,Essential for Celtic linguistics and genealogy. Students can use Digital Exhibitions to study the preservation of the Welsh language through historical poetry and land records.,"-4.0685192, 52.414551",
"Washington, University of",https://digitalcollections.lib.washington.edu,https://digitalcollections.lib.washington.edu//iiif/info/eurasia/4569/manifest.json,no logo,0,2,1,1,"Photographs, regional-history, architectural-drawings, newspapers, maps, oral-histories, ethnomusicology, manuscripts, pamphlets, environmental-records","Pacific-Northwest, Architecture, Mountaineering, Nordic, Ethnomusicology",Comment: excellent,,"Perfect for environmental and visual studies. The ""Mountain and Glacier"" photography collections help students visualize climate change and the exploration of the American West.","-122.3081762, 47.6516448",
Wellcome Collection (UK),https://wellcomecollection.org/collections,,no logo,,,,0,"Medical-history, manuscripts, archives, photographs, artworks, rare-books, anatomy, health, ethnography, prints",,It is possible by following specific instructions,,,,https://iiif.wellcomecollection.org/presentation/v2/b18031511_0001
Wichita State University,https://libraries.wichita.edu/sc/digital,https://cdm15942.contentdm.oclc.org/iiif/2/p15942coll214:6/manifest.json,no logo,0,2,1,0,"Aviation, local-history, kansas-history, photographs, manuscripts, business-records, correspondence, university-history, maps, media","Kansas, Photography, Mid-Century, Aviation, Civil-Rights",Manifest available in Mirador,,"Strong for industrial history. Known as the ""Air Capital of the World,"" its aviation archives help students study the technological boom and labor shifts of the mid-20th century.","-97.291526, 37.7190782",
Willamette University,https://digitalcollections.willamette.edu/home,https://digitalcollections.willamette.edu/server/iiif/e44018fe-fed5-4ccc-9ae8-6b4bb1bc4864/manifest,https://library.willamette.edu/images/iiif/willamette-university-logo-head_rgb.png,1,2,1,0,"University-archives, northwest-history, photographs, newspapers, student-publications, diaries, records, local, manuscripts, documentation","Oregon, Missionaries, Indigenous, Pacific-Northwest, Campus",Manifest available in Mirador,,Useful for regional and religious history. The Oregon Indian Mission records allow students to analyze the complex interactions between settler-colonists and Indigenous tribes.,"-123.0307101, 44.9352335",
"Wisconsin, University of (Milwaukee)",https://uwm.edu/lib-collections/,https://cdm17272.contentdm.oclc.org/iiif/2/hardie:167/manifest.json,no logo,0,2,1,1,"Maps, geography, photographs, local-history, civil-rights, university-archives, posters, transport, maritime-records, industrialization","Cartography, Civil-Rights, Polish, Industrial, Urban",Comment: excellent,,Home to the American Geographical Society Library.  it is unmatched for geography and GIS students wanting to study historical global mapping.,,"-87.8819686, 43.078263"
Yale Center for British Art,https://collections.britishart.yale.edu,,https://static.britishart.yale.edu/images/ycba_logo.jpg,1,2,2,0,"Paintings, sculptures, prints, drawings, rare-books, manuscripts, watercolors, photographs, archives, art-history","British, Landscape, Colonialism, Portraits, Material-Culture",,,Ideal for art history and post-colonial studies. Students can analyze the Online Collection to see how British art both reflected and shaped the aesthetics of the British Empire across the globe.,,
Yale University,https://library.yale.edu/explore-collections/explore/digital-collections,https://collections.library.yale.edu/manifests/16986907,no logo,1,2,2,1,"Manuscripts, rare-books, photographs, maps, audio, oral-histories, global-history, archives, papyri, ephemera","Global, Rare, Art, Divinity, Beinecke",Comment: excellent,,"Ideal for interdisciplinary humanities. Use the ""Digital Collections"" to compare disparate items—like the Voynich Manuscript and Frederick Douglass’s letters—to teach comparative historical methods.","-72.9223431, 41.3163244",
